resume_text,category
"Summary: Results-driven HR Executive with a background in excel, leadership, recruitment and communication. Skills: excel, leadership, recruitment, communication, payroll, onboarding. Experience: managed end-to-end recruitment for annual performance reviews. organized training programs for a 200+ employee organization reducing costs by 15%. managed end-to-end recruitment for a remote workforce. Education: B.A in Psychology.",HR / Recruiter
"Summary: Karan has 0 years of experience working as a Software Engineer, with strong command over testing and algorithms. Skills: testing, algorithms, data structures, oop, spring boot, git. Experience: built scalable services for an internal tools platform for a team of 13 people. designed and implemented a search service improving efficiency by 28%. built scalable services for an internal tools platform. Education: M.Tech in Software Engineering.",Software Engineer
"Summary: Motivated Web Developer Intern skilled in css, vue, and mongodb, seeking new opportunities. Skills: css, vue, mongodb, rest api, express, node.js. Experience: implemented authentication flows for a company dashboard reducing costs by 15%. developed REST APIs for a booking system. Education: BCA.",Web Developer
"Summary: Results-driven HR Executive with a background in training, excel, communication and hrms. Skills: training, excel, communication, hrms, payroll, conflict resolution. Experience: managed end-to-end recruitment for annual performance reviews improving efficiency by 27%. managed end-to-end recruitment for annual performance reviews. resolved employee concerns for campus hiring drives reducing costs by 18%. Education: B.A in Psychology.",HR / Recruiter
"Summary: Divya has 0 years of experience working as a Cloud Engineer Intern, with strong command over kubernetes and azure. Skills: kubernetes, azure, linux, git, ansible, gcp. Experience: containerized services for a production Kubernetes cluster. managed cloud infrastructure for an internal developer platform for a team of 6 people. Education: M.Tech in Cloud Computing.",DevOps Engineer
"Summary: Results-driven Product Development Engineer with a background in solidworks, autocad, ansys and product design. Skills: solidworks, autocad, ansys, product design, quality control, 6 sigma. Experience: designed CAD models for an automotive component for a team of 9 people. prototyped and tested an industrial pump design. Education: Diploma in Mechanical Engineering.",Mechanical Engineer
"Summary: Karan is a Strategy Associate with hands-on experience in requirements gathering, data analysis and jira. Skills: requirements gathering, data analysis, jira, stakeholder management, excel, communication. Experience: streamlined processes for a quarterly business review. prepared reports and dashboards for a customer retention initiative improving efficiency by 38%. gathered requirements for a quarterly business review improving efficiency by 11%. Education: MBA in Business Analytics.",Business Analyst
"Summary: Motivated UI Engineer skilled in docker, typescript, and react, seeking new opportunities. Skills: docker, typescript, react, next.js, javascript, css. Experience: optimized page performance for a booking system reducing costs by 8%. developed REST APIs for a booking system. developed REST APIs for a social media app. Education: BCA.",Web Developer
"Summary: Manish is a HR Intern with hands-on experience in recruitment, communication and conflict resolution. Skills: recruitment, communication, conflict resolution, onboarding, employee engagement, leadership. Experience: conducted onboarding sessions for a 200+ employee organization for a team of 13 people. resolved employee concerns for campus hiring drives. managed end-to-end recruitment for annual performance reviews for a team of 10 people. Education: MBA in Human Resources.",HR / Recruiter
"Summary: Kavya has 1 years of experience working as a Infrastructure Engineer, with strong command over ansible and linux. Skills: ansible, linux, monitoring, git, aws, gcp. Experience: containerized services for a production Kubernetes cluster reducing costs by 9%. monitored uptime and performance for a microservices architecture improving efficiency by 19%. Education: B.Tech in Computer Science.",DevOps Engineer
"Summary: Sanya is a Content Strategist with hands-on experience in seo, branding and canva. Skills: seo, branding, canva, communication, email marketing, google analytics. Experience: created content strategy for a lead generation funnel improving efficiency by 18%. managed social media presence for a lead generation funnel. managed social media presence for a D2C fashion brand. Education: Diploma in Digital Marketing.",Digital Marketing
"Summary: Results-driven Mechanical Design Engineer with a background in 6 sigma, gd&t, thermodynamics and solidworks. Skills: 6 sigma, gd&t, thermodynamics, solidworks, manufacturing, product design. Experience: conducted quality checks on an automotive component. performed stress analysis on a HVAC system. conducted quality checks on a robotic arm assembly improving efficiency by 19%. designed CAD models for a HVAC system. Education: B.Tech in Mechanical Engineering.",Mechanical Engineer
"Summary: Results-driven Manufacturing Engineer Intern with a background in 6 sigma, autocad, matlab and gd&t. Skills: 6 sigma, autocad, matlab, gd&t, solidworks, cad. Experience: optimized manufacturing processes for a robotic arm assembly. prototyped and tested an industrial pump design reducing costs by 13%. performed stress analysis on a robotic arm assembly improving efficiency by 38%. Education: B.Tech in Mechanical Engineering.",Mechanical Engineer
"Summary: Results-driven Data Analyst Intern with a background in pandas, tensorflow, nlp and machine learning. Skills: pandas, tensorflow, nlp, machine learning, a/b testing, power bi. Experience: developed dashboards to visualize customer churn prediction. deployed ML pipelines for customer churn prediction for a team of 11 people. Education: M.Sc in Statistics.",Data Scientist
"Summary: Yash is a People Operations Associate with hands-on experience in conflict resolution, communication and payroll. Skills: conflict resolution, communication, payroll, training, leadership, excel. Experience: maintained HR records for a remote workforce. managed end-to-end recruitment for campus hiring drives. conducted onboarding sessions for campus hiring drives for a team of 7 people. maintained HR records for annual performance reviews reducing costs by 11%. Education: PGDM in HR.",HR / Recruiter
"Summary: Results-driven DevOps Engineer with a background in monitoring, terraform, gcp and linux. Skills: monitoring, terraform, gcp, linux, kubernetes, bash. Experience: containerized services for a multi-region AWS deployment improving efficiency by 11%. configured CI/CD for a production Kubernetes cluster. managed cloud infrastructure for a microservices architecture. Education: B.E in Information Technology.",DevOps Engineer
"Summary: Results-driven Operations Analyst Intern with a background in agile, stakeholder management, requirements gathering and power bi. Skills: agile, stakeholder management, requirements gathering, power bi, sql, reporting. Experience: prepared reports and dashboards for a supply chain optimization project reducing costs by 21%. streamlined processes for a supply chain optimization project. gathered requirements for a customer retention initiative. gathered requirements for a new product launch. Education: B.Com.",Business Analyst
"Summary: Motivated Content Strategist skilled in email marketing, communication, and google analytics, seeking new opportunities. Skills: email marketing, communication, google analytics, seo, canva, branding. Experience: analyzed engagement metrics for a D2C fashion brand reducing costs by 18%. created content strategy for a lead generation funnel for a team of 15 people. Education: B.A in Mass Communication.",Digital Marketing
"Summary: Sneha is a Infrastructure Engineer with hands-on experience in jenkins, bash and kubernetes. Skills: jenkins, bash, kubernetes, azure, networking, git. Experience: configured CI/CD for an internal developer platform improving efficiency by 10%. automated deployment pipelines for a multi-region AWS deployment. automated deployment pipelines for an internal developer platform for a team of 5 people. monitored uptime and performance for an internal developer platform. Education: B.Tech in Computer Science.",DevOps Engineer
"Summary: Ritika has 4 years of experience working as a Strategy Associate, with strong command over power bi and communication. Skills: power bi, communication, requirements gathering, forecasting, agile, excel. Experience: prepared reports and dashboards for a supply chain optimization project reducing costs by 20%. gathered requirements for a new product launch reducing costs by 14%. conducted market analysis for a supply chain optimization project reducing costs by 12%. conducted market analysis for a new product launch. Education: BBA.",Business Analyst
"Summary: Siddharth is a Data Analyst Intern with hands-on experience in statistics, python and nlp. Skills: statistics, python, nlp, data visualization, sql, tensorflow. Experience: designed A/B tests to evaluate demand forecasting reducing costs by 12%. analyzed large datasets to uncover fraud detection improving efficiency by 29%. built predictive models for customer churn prediction. deployed ML pipelines for fraud detection for a team of 8 people. Education: B.E in Data Science.",Data Scientist
"Summary: Motivated Business Analyst skilled in data analysis, agile, and forecasting, seeking new opportunities. Skills: data analysis, agile, forecasting, reporting, power bi, sql. Experience: prepared reports and dashboards for a new product launch. streamlined processes for a supply chain optimization project improving efficiency by 17%. gathered requirements for a supply chain optimization project for a team of 11 people. prepared reports and dashboards for a supply chain optimization project. Education: MBA in Business Analytics.",Business Analyst
"Summary: Motivated UI Engineer skilled in rest api, html, and css, seeking new opportunities. Skills: rest api, html, css, vue, mongodb, tailwind. Experience: optimized page performance for an e-commerce platform. implemented authentication flows for a company dashboard for a team of 4 people. developed REST APIs for a company dashboard for a team of 15 people. optimized page performance for an e-commerce platform. Education: BCA.",Web Developer
"Summary: Results-driven Strategy Associate with a background in agile, reporting, jira and communication. Skills: agile, reporting, jira, communication, excel, requirements gathering. Experience: gathered requirements for a customer retention initiative improving efficiency by 37%. gathered requirements for a customer retention initiative. coordinated cross-team efforts on a customer retention initiative. Education: M.Com.",Business Analyst
"Summary: Motivated Data Analyst Intern skilled in scikit-learn, tensorflow, and sql, seeking new opportunities. Skills: scikit-learn, tensorflow, sql, numpy, machine learning, python. Experience: built predictive models for demand forecasting. analyzed large datasets to uncover fraud detection. built predictive models for sentiment analysis of reviews. deployed ML pipelines for demand forecasting. Education: B.E in Data Science.",Data Scientist
"Summary: Vikram has 1 years of experience working as a Manufacturing Engineer Intern, with strong command over matlab and gd&t. Skills: matlab, gd&t, manufacturing, 6 sigma, catia, solidworks. Experience: optimized manufacturing processes for an industrial pump design for a team of 13 people. conducted quality checks on a robotic arm assembly reducing costs by 11%. prototyped and tested an automotive component reducing costs by 14%. Education: Diploma in Mechanical Engineering.",Mechanical Engineer
"Summary: Ananya has 5 years of experience working as a ML Engineer, with strong command over power bi and deep learning. Skills: power bi, deep learning, computer vision, tensorflow, numpy, tableau. Experience: deployed ML pipelines for customer churn prediction improving efficiency by 24%. designed A/B tests to evaluate sentiment analysis of reviews for a team of 15 people. built predictive models for demand forecasting reducing costs by 8%. deployed ML pipelines for sentiment analysis of reviews. Education: M.Sc in Statistics.",Data Scientist
"Summary: Results-driven Manufacturing Engineer Intern with a background in solidworks, ansys, quality control and cad. Skills: solidworks, ansys, quality control, cad, 6 sigma, thermodynamics. Experience: prototyped and tested a consumer product line improving efficiency by 16%. designed CAD models for an industrial pump design reducing costs by 10%. optimized manufacturing processes for a HVAC system. Education: B.Tech in Mechanical Engineering.",Mechanical Engineer
"Summary: Motivated Backend Developer skilled in rest api, c++, and python, seeking new opportunities. Skills: rest api, c++, python, debugging, algorithms, data structures. Experience: designed and implemented a booking engine. debugged and resolved issues in a payments backend. wrote unit tests for a real-time notification system. built scalable services for a real-time notification system. Education: B.Tech in Computer Science.",Software Engineer
"Summary: Sneha has 5 years of experience working as a Site Reliability Engineer, with strong command over docker and terraform. Skills: docker, terraform, jenkins, git, monitoring, bash. Experience: containerized services for a production Kubernetes cluster improving efficiency by 19%. monitored uptime and performance for a multi-region AWS deployment reducing costs by 17%. monitored uptime and performance for a production Kubernetes cluster for a team of 7 people. Education: B.E in Information Technology.",DevOps Engineer
"Summary: Rohan is a Infrastructure Engineer with hands-on experience in kubernetes, linux and bash. Skills: kubernetes, linux, bash, azure, docker, gcp. Experience: managed cloud infrastructure for a production Kubernetes cluster reducing costs by 11%. automated deployment pipelines for a production Kubernetes cluster. Education: B.E in Information Technology.",DevOps Engineer
"Summary: Results-driven Business Analyst with a background in reporting, sql, excel and agile. Skills: reporting, sql, excel, agile, forecasting, tableau. Experience: streamlined processes for a new product launch. coordinated cross-team efforts on a quarterly business review. Education: BBA.",Business Analyst
"Summary: Results-driven SEO Specialist with a background in branding, excel, email marketing and google analytics. Skills: branding, excel, email marketing, google analytics, seo, market research. Experience: managed social media presence for a D2C fashion brand. managed social media presence for a lead generation funnel reducing costs by 24%. created content strategy for a local business improving efficiency by 31%. Education: B.A in Mass Communication.",Digital Marketing
"Summary: Results-driven Data Analyst Intern with a background in nlp, pandas, scikit-learn and computer vision. Skills: nlp, pandas, scikit-learn, computer vision, machine learning, tableau. Experience: deployed ML pipelines for sentiment analysis of reviews for a team of 9 people. designed A/B tests to evaluate fraud detection for a team of 5 people. analyzed large datasets to uncover sentiment analysis of reviews reducing costs by 9%. designed A/B tests to evaluate demand forecasting. Education: B.Tech in Computer Science.",Data Scientist
"Summary: Karan has 2 years of experience working as a Systems Programmer, with strong command over git and oop. Skills: git, oop, rest api, sql, data structures, java. Experience: wrote unit tests for an internal tools platform reducing costs by 25%. optimized the performance of a booking engine improving efficiency by 40%. Education: M.Tech in Software Engineering.",Software Engineer
"Summary: Karan has 1 years of experience working as a Infrastructure Engineer, with strong command over docker and kubernetes. Skills: docker, kubernetes, ansible, gcp, linux, networking. Experience: managed cloud infrastructure for a production Kubernetes cluster reducing costs by 17%. managed cloud infrastructure for a production Kubernetes cluster. Education: B.E in Information Technology.",DevOps Engineer
"Summary: Results-driven Digital Marketing Executive with a background in branding, excel, canva and market research. Skills: branding, excel, canva, market research, google analytics, social media. Experience: created content strategy for a lead generation funnel. ran paid campaigns for an influencer campaign for a team of 9 people. created content strategy for an influencer campaign. improved SEO rankings for a lead generation funnel improving efficiency by 31%. Education: BBA in Marketing.",Digital Marketing
"Summary: Arjun has 4 years of experience working as a Software Engineer, with strong command over rest api and java. Skills: rest api, java, python, data structures, system design, debugging. Experience: debugged and resolved issues in a search service reducing costs by 18%. wrote unit tests for a search service for a team of 8 people. debugged and resolved issues in a booking engine. Education: M.Tech in Software Engineering.",Software Engineer
"Summary: Motivated Product Analyst skilled in power bi, forecasting, and agile, seeking new opportunities. Skills: power bi, forecasting, agile, reporting, data analysis, jira. Experience: prepared reports and dashboards for a supply chain optimization project. prepared reports and dashboards for a new product launch. gathered requirements for a new product launch reducing costs by 21%. Education: M.Com.",Business Analyst
"Summary: Sanya is a Business Analyst with hands-on experience in tableau, reporting and forecasting. Skills: tableau, reporting, forecasting, requirements gathering, sql, data analysis. Experience: prepared reports and dashboards for a supply chain optimization project. gathered requirements for a supply chain optimization project. streamlined processes for a customer retention initiative for a team of 9 people. conducted market analysis for a quarterly business review for a team of 3 people. Education: BBA.",Business Analyst
"Summary: Results-driven AI Researcher with a background in sql, pandas, computer vision and data visualization. Skills: sql, pandas, computer vision, data visualization, a/b testing, pytorch. Experience: built predictive models for customer churn prediction reducing costs by 17%. built predictive models for fraud detection for a team of 11 people. analyzed large datasets to uncover recommendation systems improving efficiency by 15%. Education: MS in Applied Mathematics.",Data Scientist
"Summary: Motivated People Operations Associate skilled in leadership, communication, and training, seeking new opportunities. Skills: leadership, communication, training, employee engagement, excel, hrms. Experience: maintained HR records for a remote workforce reducing costs by 19%. conducted onboarding sessions for campus hiring drives. organized training programs for campus hiring drives for a team of 7 people. Education: B.A in Psychology.",HR / Recruiter
"Summary: Sneha has 5 years of experience working as a UI Engineer, with strong command over express and docker. Skills: express, docker, next.js, git, html, sql. Experience: created reusable components for a content management system for a team of 12 people. developed REST APIs for a content management system for a team of 15 people. developed REST APIs for a booking system. developed REST APIs for an e-commerce platform improving efficiency by 24%. Education: BCA.",Web Developer
"Summary: Ananya is a SEO Specialist with hands-on experience in social media, communication and google analytics. Skills: social media, communication, google analytics, branding, canva, content writing. Experience: created content strategy for a SaaS product launch for a team of 7 people. ran paid campaigns for a local business reducing costs by 18%. analyzed engagement metrics for a D2C fashion brand. managed social media presence for a SaaS product launch. Education: MBA in Marketing.",Digital Marketing
"Summary: Sneha has 1 years of experience working as a ML Engineer, with strong command over machine learning and pytorch. Skills: machine learning, pytorch, numpy, tensorflow, python, deep learning. Experience: built predictive models for sentiment analysis of reviews for a team of 13 people. built predictive models for customer churn prediction for a team of 10 people. Education: B.E in Data Science.",Data Scientist
"Summary: Divya has 4 years of experience working as a Content Strategist, with strong command over social media and google analytics. Skills: social media, google analytics, branding, content writing, excel, canva. Experience: ran paid campaigns for an influencer campaign. created content strategy for a lead generation funnel improving efficiency by 23%. created content strategy for a SaaS product launch reducing costs by 20%. created content strategy for a D2C fashion brand. Education: MBA in Marketing.",Digital Marketing
"Summary: Neha has 1 years of experience working as a HR Intern, with strong command over employee engagement and communication. Skills: employee engagement, communication, recruitment, onboarding, hrms, excel. Experience: resolved employee concerns for annual performance reviews. resolved employee concerns for a 200+ employee organization improving efficiency by 37%. Education: B.A in Psychology.",HR / Recruiter
"Summary: Motivated HR Executive skilled in conflict resolution, employee engagement, and training, seeking new opportunities. Skills: conflict resolution, employee engagement, training, leadership, communication, hrms. Experience: resolved employee concerns for annual performance reviews for a team of 11 people. managed end-to-end recruitment for campus hiring drives. Education: BBA.",HR / Recruiter
"Summary: Rohan is a ML Engineer with hands-on experience in scikit-learn, computer vision and statistics. Skills: scikit-learn, computer vision, statistics, a/b testing, nlp, power bi. Experience: developed dashboards to visualize sentiment analysis of reviews improving efficiency by 26%. deployed ML pipelines for fraud detection reducing costs by 17%. designed A/B tests to evaluate demand forecasting for a team of 3 people. Education: MS in Applied Mathematics.",Data Scientist
"Summary: Motivated DevOps Engineer skilled in linux, bash, and gcp, seeking new opportunities. Skills: linux, bash, gcp, networking, monitoring, docker. Experience: automated deployment pipelines for a production Kubernetes cluster. configured CI/CD for a multi-region AWS deployment reducing costs by 17%. Education: B.Tech in Computer Science.",DevOps Engineer
"Summary: Motivated Full Stack Developer skilled in typescript, mongodb, and tailwind, seeking new opportunities. Skills: typescript, mongodb, tailwind, git, javascript, rest api. Experience: built responsive interfaces for a social media app. developed REST APIs for an e-commerce platform for a team of 11 people. Education: B.Tech in Computer Science.",Web Developer
"Summary: Siddharth has 3 years of experience working as a HR Executive, with strong command over recruitment and hrms. Skills: recruitment, hrms, payroll, training, onboarding, employee engagement. Experience: resolved employee concerns for a remote workforce. resolved employee concerns for annual performance reviews for a team of 4 people. resolved employee concerns for campus hiring drives for a team of 3 people. conducted onboarding sessions for the engineering department reducing costs by 17%. Education: BBA.",HR / Recruiter
"Summary: Motivated Frontend Developer skilled in javascript, docker, and typescript, seeking new opportunities. Skills: javascript, docker, typescript, rest api, mongodb, next.js. Experience: created reusable components for a company dashboard reducing costs by 17%. created reusable components for a company dashboard for a team of 11 people. created reusable components for a company dashboard reducing costs by 5%. Education: B.Tech in Computer Science.",Web Developer
"Summary: Yash is a SEO Specialist with hands-on experience in canva, ppc and branding. Skills: canva, ppc, branding, excel, google analytics, email marketing. Experience: managed social media presence for a local business for a team of 7 people. analyzed engagement metrics for a D2C fashion brand reducing costs by 24%. analyzed engagement metrics for an influencer campaign improving efficiency by 10%. Education: BBA in Marketing.",Digital Marketing
"Summary: Meera is a ML Engineer with hands-on experience in computer vision, a/b testing and machine learning. Skills: computer vision, a/b testing, machine learning, tensorflow, statistics, sql. Experience: built predictive models for fraud detection. analyzed large datasets to uncover fraud detection improving efficiency by 15%. built predictive models for recommendation systems reducing costs by 24%. built predictive models for fraud detection for a team of 14 people. Education: MS in Applied Mathematics.",Data Scientist
"Summary: Motivated Cloud Engineer Intern skilled in gcp, aws, and terraform, seeking new opportunities. Skills: gcp, aws, terraform, monitoring, ansible, kubernetes. Experience: configured CI/CD for a production Kubernetes cluster. monitored uptime and performance for a production Kubernetes cluster. containerized services for an internal developer platform improving efficiency by 21%. Education: B.E in Information Technology.",DevOps Engineer
"Summary: Arjun is a Data Scientist with hands-on experience in power bi, data visualization and deep learning. Skills: power bi, data visualization, deep learning, sql, computer vision, nlp. Experience: deployed ML pipelines for fraud detection. developed dashboards to visualize recommendation systems. Education: B.E in Data Science.",Data Scientist
"Summary: Results-driven Operations Analyst Intern with a background in forecasting, excel, data analysis and communication. Skills: forecasting, excel, data analysis, communication, jira, tableau. Experience: gathered requirements for a customer retention initiative. conducted market analysis for a new product launch. prepared reports and dashboards for a new product launch reducing costs by 20%. streamlined processes for a customer retention initiative. Education: MBA in Business Analytics.",Business Analyst
"Summary: Rohan has 5 years of experience working as a Full Stack Developer, with strong command over css and docker. Skills: css, docker, mongodb, react, vue, git. Experience: optimized page performance for a company dashboard. created reusable components for an e-commerce platform improving efficiency by 38%. Education: B.Tech in Computer Science.",Web Developer
"Summary: Results-driven AI Researcher with a background in pandas, data visualization, deep learning and python. Skills: pandas, data visualization, deep learning, python, a/b testing, scikit-learn. Experience: designed A/B tests to evaluate fraud detection improving efficiency by 37%. designed A/B tests to evaluate customer churn prediction for a team of 15 people. deployed ML pipelines for recommendation systems for a team of 13 people. Education: B.Tech in Computer Science.",Data Scientist
"Summary: Pooja is a Full Stack Developer with hands-on experience in git, css and rest api. Skills: git, css, rest api, node.js, javascript, vue. Experience: optimized page performance for a company dashboard improving efficiency by 29%. implemented authentication flows for a booking system for a team of 8 people. created reusable components for a social media app improving efficiency by 34%. developed REST APIs for a content management system for a team of 11 people. Education: B.Tech in Computer Science.",Web Developer
"Summary: Results-driven Product Analyst with a background in forecasting, excel, agile and jira. Skills: forecasting, excel, agile, jira, sql, communication. Experience: prepared reports and dashboards for a new product launch improving efficiency by 23%. conducted market analysis for a new product launch. coordinated cross-team efforts on a new product launch improving efficiency by 31%. conducted market analysis for a quarterly business review. Education: BBA.",Business Analyst
"Summary: Results-driven Content Strategist with a background in communication, ppc, canva and google analytics. Skills: communication, ppc, canva, google analytics, branding, email marketing. Experience: managed social media presence for a SaaS product launch reducing costs by 6%. analyzed engagement metrics for a lead generation funnel reducing costs by 24%. created content strategy for a local business. Education: MBA in Marketing.",Digital Marketing
"Summary: Neha has 5 years of experience working as a Backend Developer, with strong command over debugging and c++. Skills: debugging, c++, algorithms, sql, spring boot, testing. Experience: built scalable services for a booking engine improving efficiency by 25%. debugged and resolved issues in an internal tools platform. built scalable services for a search service for a team of 9 people. Education: M.Tech in Software Engineering.",Software Engineer
"Summary: Yash has 0 years of experience working as a UI Engineer, with strong command over docker and git. Skills: docker, git, vue, node.js, css, express. Experience: created reusable components for a social media app for a team of 4 people. built responsive interfaces for a booking system. Education: Diploma in Web Development.",Web Developer
"Summary: Kavya is a Content Strategist with hands-on experience in excel, google analytics and market research. Skills: excel, google analytics, market research, seo, ppc, email marketing. Experience: analyzed engagement metrics for a lead generation funnel. ran paid campaigns for an influencer campaign. improved SEO rankings for a D2C fashion brand reducing costs by 13%. Education: Diploma in Digital Marketing.",Digital Marketing
"Summary: Arjun is a Systems Programmer with hands-on experience in c++, algorithms and data structures. Skills: c++, algorithms, data structures, rest api, oop, java. Experience: debugged and resolved issues in a real-time notification system. optimized the performance of a real-time notification system reducing costs by 18%. built scalable services for a booking engine reducing costs by 17%. debugged and resolved issues in a payments backend reducing costs by 25%. Education: M.Tech in Software Engineering.",Software Engineer
"Summary: Results-driven Full Stack Developer with a background in html, javascript, css and react. Skills: html, javascript, css, react, git, typescript. Experience: built responsive interfaces for a content management system reducing costs by 19%. implemented authentication flows for an e-commerce platform reducing costs by 9%. implemented authentication flows for a company dashboard. built responsive interfaces for a booking system. Education: Diploma in Web Development.",Web Developer
"Summary: Results-driven Operations Analyst Intern with a background in tableau, reporting, requirements gathering and communication. Skills: tableau, reporting, requirements gathering, communication, stakeholder management, sql. Experience: conducted market analysis for a new product launch. gathered requirements for a customer retention initiative reducing costs by 24%. prepared reports and dashboards for a customer retention initiative. Education: MBA in Business Analytics.",Business Analyst
"Summary: Vikram has 2 years of experience working as a Product Development Engineer, with strong command over gd&t and catia. Skills: gd&t, catia, 6 sigma, product design, ansys, cad. Experience: designed CAD models for an automotive component. performed stress analysis on an industrial pump design reducing costs by 18%. Education: Diploma in Mechanical Engineering.",Mechanical Engineer
"Summary: Manish has 2 years of experience working as a SDE Intern, with strong command over debugging and data structures. Skills: debugging, data structures, oop, sql, c++, testing. Experience: debugged and resolved issues in an internal tools platform reducing costs by 20%. debugged and resolved issues in a real-time notification system for a team of 10 people. built scalable services for a booking engine improving efficiency by 33%. debugged and resolved issues in a payments backend. Education: B.Tech in Computer Science.",Software Engineer
"Summary: Motivated Frontend Developer skilled in tailwind, express, and sql, seeking new opportunities. Skills: tailwind, express, sql, git, react, typescript. Experience: implemented authentication flows for an e-commerce platform. created reusable components for a booking system for a team of 14 people. Education: Diploma in Web Development.",Web Developer
"Summary: Siddharth has 2 years of experience working as a Mechanical Design Engineer, with strong command over catia and solidworks. Skills: catia, solidworks, cad, gd&t, ansys, autocad. Experience: conducted quality checks on an industrial pump design. designed CAD models for an industrial pump design. conducted quality checks on an industrial pump design. optimized manufacturing processes for a robotic arm assembly reducing costs by 23%. Education: M.Tech in Design Engineering.",Mechanical Engineer
"Summary: Arjun has 5 years of experience working as a Content Strategist, with strong command over seo and excel. Skills: seo, excel, social media, canva, google analytics, email marketing. Experience: managed social media presence for a lead generation funnel. managed social media presence for a SaaS product launch improving efficiency by 21%. improved SEO rankings for a local business reducing costs by 18%. ran paid campaigns for a SaaS product launch reducing costs by 18%. Education: MBA in Marketing.",Digital Marketing
"Summary: Karan is a HR Executive with hands-on experience in hrms, conflict resolution and leadership. Skills: hrms, conflict resolution, leadership, excel, payroll, training. Experience: conducted onboarding sessions for a 200+ employee organization reducing costs by 12%. organized training programs for annual performance reviews reducing costs by 25%. organized training programs for annual performance reviews for a team of 11 people. Education: PGDM in HR.",HR / Recruiter
"Summary: Karan is a Web Developer Intern with hands-on experience in express, javascript and tailwind. Skills: express, javascript, tailwind, node.js, docker, typescript. Experience: implemented authentication flows for a booking system improving efficiency by 14%. created reusable components for a content management system for a team of 4 people. built responsive interfaces for a social media app reducing costs by 19%. Education: B.Sc in Information Technology.",Web Developer
"Summary: Results-driven Operations Analyst Intern with a background in excel, tableau, data analysis and stakeholder management. Skills: excel, tableau, data analysis, stakeholder management, agile, jira. Experience: gathered requirements for a customer retention initiative reducing costs by 15%. streamlined processes for a new product launch improving efficiency by 32%. Education: B.Com.",Business Analyst
"Summary: Arjun has 2 years of experience working as a DevOps Engineer, with strong command over git and monitoring. Skills: git, monitoring, terraform, jenkins, aws, networking. Experience: configured CI/CD for a microservices architecture. managed cloud infrastructure for a production Kubernetes cluster reducing costs by 20%. managed cloud infrastructure for an internal developer platform improving efficiency by 11%. containerized services for a production Kubernetes cluster. Education: B.Tech in Computer Science.",DevOps Engineer
"Summary: Motivated Web Developer Intern skilled in tailwind, sql, and css, seeking new opportunities. Skills: tailwind, sql, css, html, mongodb, git. Experience: optimized page performance for a content management system improving efficiency by 24%. created reusable components for a social media app. Education: B.Tech in Computer Science.",Web Developer
"Summary: Aditya is a Manufacturing Engineer Intern with hands-on experience in ansys, 6 sigma and autocad. Skills: ansys, 6 sigma, autocad, quality control, matlab, thermodynamics. Experience: performed stress analysis on a consumer product line for a team of 4 people. prototyped and tested an automotive component. Education: M.Tech in Design Engineering.",Mechanical Engineer
"Summary: Kavya has 5 years of experience working as a Site Reliability Engineer, with strong command over gcp and jenkins. Skills: gcp, jenkins, networking, monitoring, linux, aws. Experience: automated deployment pipelines for a microservices architecture for a team of 15 people. automated deployment pipelines for a microservices architecture for a team of 10 people. automated deployment pipelines for an internal developer platform reducing costs by 9%. managed cloud infrastructure for a multi-region AWS deployment reducing costs by 25%. Education: B.E in Information Technology.",DevOps Engineer
"Summary: Meera is a Software Engineer with hands-on experience in oop, sql and data structures. Skills: oop, sql, data structures, testing, git, rest api. Experience: debugged and resolved issues in a payments backend. optimized the performance of a payments backend improving efficiency by 35%. Education: B.Tech in Computer Science.",Software Engineer
"Summary: Results-driven Business Analyst with a background in data analysis, stakeholder management, sql and forecasting. Skills: data analysis, stakeholder management, sql, forecasting, excel, jira. Experience: streamlined processes for a supply chain optimization project. streamlined processes for a new product launch improving efficiency by 38%. Education: M.Com.",Business Analyst
"Summary: Results-driven Digital Marketing Executive with a background in seo, email marketing, canva and ppc. Skills: seo, email marketing, canva, ppc, branding, content writing. Experience: improved SEO rankings for a D2C fashion brand. improved SEO rankings for a lead generation funnel. analyzed engagement metrics for an influencer campaign improving efficiency by 12%. improved SEO rankings for a local business improving efficiency by 27%. Education: B.A in Mass Communication.",Digital Marketing
"Summary: Aditya is a Strategy Associate with hands-on experience in sql, reporting and stakeholder management. Skills: sql, reporting, stakeholder management, data analysis, tableau, agile. Experience: coordinated cross-team efforts on a quarterly business review reducing costs by 8%. streamlined processes for a new product launch reducing costs by 21%. streamlined processes for a quarterly business review improving efficiency by 25%. coordinated cross-team efforts on a supply chain optimization project. Education: BBA.",Business Analyst
"Summary: Manish is a Cloud Engineer Intern with hands-on experience in kubernetes, aws and networking. Skills: kubernetes, aws, networking, monitoring, terraform, ci/cd. Experience: automated deployment pipelines for a multi-region AWS deployment. configured CI/CD for an internal developer platform for a team of 9 people. Education: B.E in Information Technology.",DevOps Engineer
"Summary: Siddharth has 1 years of experience working as a Cloud Engineer Intern, with strong command over azure and linux. Skills: azure, linux, networking, terraform, ci/cd, docker. Experience: automated deployment pipelines for a production Kubernetes cluster reducing costs by 21%. monitored uptime and performance for a microservices architecture improving efficiency by 28%. Education: B.Tech in Computer Science.",DevOps Engineer
"Summary: Rahul is a Data Scientist with hands-on experience in machine learning, python and pandas. Skills: machine learning, python, pandas, power bi, data visualization, computer vision. Experience: deployed ML pipelines for customer churn prediction for a team of 7 people. analyzed large datasets to uncover sentiment analysis of reviews for a team of 12 people. Education: M.Sc in Statistics.",Data Scientist
"Summary: Results-driven HR Intern with a background in training, onboarding, employee engagement and leadership. Skills: training, onboarding, employee engagement, leadership, hrms, recruitment. Experience: conducted onboarding sessions for annual performance reviews reducing costs by 11%. conducted onboarding sessions for the engineering department. managed end-to-end recruitment for a 200+ employee organization. Education: B.A in Psychology.",HR / Recruiter
"Summary: Results-driven UI Engineer with a background in rest api, typescript, mongodb and docker. Skills: rest api, typescript, mongodb, docker, node.js, git. Experience: optimized page performance for a booking system. optimized page performance for a social media app for a team of 14 people. developed REST APIs for a booking system. Education: BCA.",Web Developer
"Summary: Motivated Web Developer Intern skilled in rest api, express, and node.js, seeking new opportunities. Skills: rest api, express, node.js, vue, mongodb, git. Experience: created reusable components for a booking system for a team of 3 people. optimized page performance for a content management system. Education: Diploma in Web Development.",Web Developer
"Summary: Results-driven AI Researcher with a background in computer vision, numpy, tensorflow and a/b testing. Skills: computer vision, numpy, tensorflow, a/b testing, scikit-learn, deep learning. Experience: designed A/B tests to evaluate demand forecasting for a team of 11 people. built predictive models for customer churn prediction improving efficiency by 37%. designed A/B tests to evaluate sentiment analysis of reviews. designed A/B tests to evaluate sentiment analysis of reviews. Education: MS in Applied Mathematics.",Data Scientist
"Summary: Siddharth has 2 years of experience working as a DevOps Engineer, with strong command over git and docker. Skills: git, docker, terraform, ansible, aws, azure. Experience: monitored uptime and performance for a multi-region AWS deployment improving efficiency by 20%. automated deployment pipelines for a production Kubernetes cluster improving efficiency by 14%. automated deployment pipelines for a production Kubernetes cluster for a team of 8 people. Education: M.Tech in Cloud Computing.",DevOps Engineer
"Summary: Manish is a Systems Programmer with hands-on experience in debugging, sql and data structures. Skills: debugging, sql, data structures, oop, java, system design. Experience: optimized the performance of a search service for a team of 10 people. designed and implemented a payments backend for a team of 14 people. optimized the performance of a real-time notification system improving efficiency by 36%. designed and implemented a booking engine. Education: B.E in Information Technology.",Software Engineer
"Summary: Aarav has 2 years of experience working as a Systems Programmer, with strong command over sql and debugging. Skills: sql, debugging, c++, java, python, algorithms. Experience: built scalable services for a real-time notification system improving efficiency by 26%. designed and implemented a search service. wrote unit tests for a real-time notification system for a team of 10 people. Education: M.Tech in Software Engineering.",Software Engineer
"Summary: Rohan has 2 years of experience working as a Site Reliability Engineer, with strong command over linux and aws. Skills: linux, aws, ansible, terraform, monitoring, git. Experience: monitored uptime and performance for a production Kubernetes cluster reducing costs by 10%. monitored uptime and performance for a multi-region AWS deployment reducing costs by 7%. managed cloud infrastructure for an internal developer platform for a team of 6 people. Education: M.Tech in Cloud Computing.",DevOps Engineer
"Summary: Vikram is a SDE Intern with hands-on experience in data structures, debugging and sql. Skills: data structures, debugging, sql, algorithms, java, c++. Experience: designed and implemented a real-time notification system reducing costs by 18%. debugged and resolved issues in an internal tools platform improving efficiency by 15%. Education: M.Tech in Software Engineering.",Software Engineer
"Summary: Motivated Mechanical Design Engineer skilled in thermodynamics, gd&t, and catia, seeking new opportunities. Skills: thermodynamics, gd&t, catia, cad, 6 sigma, solidworks. Experience: designed CAD models for a consumer product line. optimized manufacturing processes for an automotive component reducing costs by 24%. Education: B.Tech in Mechanical Engineering.",Mechanical Engineer
"Summary: Sneha has 1 years of experience working as a Business Analyst, with strong command over forecasting and agile. Skills: forecasting, agile, excel, sql, stakeholder management, communication. Experience: coordinated cross-team efforts on a supply chain optimization project for a team of 9 people. gathered requirements for a quarterly business review improving efficiency by 15%. conducted market analysis for a new product launch reducing costs by 25%. coordinated cross-team efforts on a supply chain optimization project. Education: BBA.",Business Analyst
"Summary: Results-driven Product Development Engineer with a background in product design, quality control, matlab and solidworks. Skills: product design, quality control, matlab, solidworks, cad, manufacturing. Experience: performed stress analysis on a HVAC system. performed stress analysis on a consumer product line. prototyped and tested a robotic arm assembly reducing costs by 20%. Education: B.Tech in Mechanical Engineering.",Mechanical Engineer
"Summary: Motivated Systems Programmer skilled in java, git, and oop, seeking new opportunities. Skills: java, git, oop, python, debugging, testing. Experience: debugged and resolved issues in an internal tools platform reducing costs by 23%. designed and implemented a payments backend improving efficiency by 16%. optimized the performance of a search service. Education: B.Tech in Computer Science.",Software Engineer
"Summary: Results-driven AI Researcher with a background in statistics, data visualization, a/b testing and pytorch. Skills: statistics, data visualization, a/b testing, pytorch, machine learning, deep learning. Experience: developed dashboards to visualize demand forecasting reducing costs by 19%. deployed ML pipelines for fraud detection. developed dashboards to visualize fraud detection for a team of 14 people. deployed ML pipelines for sentiment analysis of reviews reducing costs by 21%. Education: M.Sc in Statistics.",Data Scientist
"Summary: Motivated Backend Developer skilled in data structures, testing, and git, seeking new opportunities. Skills: data structures, testing, git, algorithms, rest api, system design. Experience: built scalable services for a search service reducing costs by 14%. debugged and resolved issues in a real-time notification system. debugged and resolved issues in a booking engine improving efficiency by 34%. optimized the performance of an internal tools platform. Education: B.E in Information Technology.",Software Engineer
"Summary: Karan has 3 years of experience working as a DevOps Engineer, with strong command over jenkins and linux. Skills: jenkins, linux, gcp, git, monitoring, aws. Experience: containerized services for a multi-region AWS deployment. managed cloud infrastructure for an internal developer platform improving efficiency by 39%. managed cloud infrastructure for a production Kubernetes cluster for a team of 6 people. Education: M.Tech in Cloud Computing.",DevOps Engineer
"Summary: Motivated Product Analyst skilled in sql, communication, and agile, seeking new opportunities. Skills: sql, communication, agile, tableau, jira, excel. Experience: prepared reports and dashboards for a new product launch. gathered requirements for a quarterly business review improving efficiency by 24%. conducted market analysis for a supply chain optimization project for a team of 11 people. Education: M.Com.",Business Analyst
"Summary: Manish is a Marketing Intern with hands-on experience in canva, excel and market research. Skills: canva, excel, market research, google analytics, social media, content writing. Experience: created content strategy for a SaaS product launch. analyzed engagement metrics for a local business. ran paid campaigns for a lead generation funnel for a team of 9 people. Education: MBA in Marketing.",Digital Marketing
"Summary: Yash is a HR Executive with hands-on experience in payroll, leadership and hrms. Skills: payroll, leadership, hrms, communication, conflict resolution, excel. Experience: resolved employee concerns for annual performance reviews reducing costs by 14%. maintained HR records for annual performance reviews. maintained HR records for the engineering department reducing costs by 6%. Education: B.A in Psychology.",HR / Recruiter
"Summary: Motivated ML Engineer skilled in pytorch, computer vision, and sql, seeking new opportunities. Skills: pytorch, computer vision, sql, python, numpy, a/b testing. Experience: analyzed large datasets to uncover customer churn prediction improving efficiency by 22%. analyzed large datasets to uncover recommendation systems improving efficiency by 21%. analyzed large datasets to uncover customer churn prediction reducing costs by 11%. Education: M.Sc in Statistics.",Data Scientist
"Summary: Motivated Marketing Intern skilled in excel, seo, and google analytics, seeking new opportunities. Skills: excel, seo, google analytics, social media, market research, canva. Experience: managed social media presence for an influencer campaign reducing costs by 22%. analyzed engagement metrics for a lead generation funnel reducing costs by 20%. analyzed engagement metrics for a SaaS product launch reducing costs by 5%. analyzed engagement metrics for a local business. Education: Diploma in Digital Marketing.",Digital Marketing
"Summary: Results-driven Systems Programmer with a background in python, git, debugging and system design. Skills: python, git, debugging, system design, data structures, rest api. Experience: optimized the performance of an internal tools platform improving efficiency by 13%. designed and implemented a real-time notification system for a team of 3 people. Education: M.Tech in Software Engineering.",Software Engineer
"Summary: Motivated HR Executive skilled in onboarding, leadership, and training, seeking new opportunities. Skills: onboarding, leadership, training, conflict resolution, hrms, recruitment. Experience: conducted onboarding sessions for a remote workforce improving efficiency by 21%. organized training programs for campus hiring drives reducing costs by 21%. managed end-to-end recruitment for campus hiring drives for a team of 10 people. organized training programs for campus hiring drives improving efficiency by 31%. Education: PGDM in HR.",HR / Recruiter
"Summary: Motivated Software Engineer skilled in sql, spring boot, and testing, seeking new opportunities. Skills: sql, spring boot, testing, python, oop, algorithms. Experience: built scalable services for a booking engine. wrote unit tests for a booking engine for a team of 5 people. designed and implemented a real-time notification system improving efficiency by 31%. optimized the performance of an internal tools platform for a team of 4 people. Education: B.E in Information Technology.",Software Engineer
"Summary: Sanya has 1 years of experience working as a Product Development Engineer, with strong command over ansys and solidworks. Skills: ansys, solidworks, autocad, gd&t, thermodynamics, quality control. Experience: prototyped and tested a HVAC system reducing costs by 13%. designed CAD models for an industrial pump design. optimized manufacturing processes for a consumer product line. Education: Diploma in Mechanical Engineering.",Mechanical Engineer
"Summary: Results-driven Full Stack Developer with a background in rest api, sql, html and mongodb. Skills: rest api, sql, html, mongodb, tailwind, node.js. Experience: built responsive interfaces for a booking system for a team of 3 people. optimized page performance for an e-commerce platform for a team of 4 people. built responsive interfaces for a company dashboard improving efficiency by 23%. Education: Diploma in Web Development.",Web Developer
"Summary: Arjun has 3 years of experience working as a Product Analyst, with strong command over communication and reporting. Skills: communication, reporting, jira, requirements gathering, sql, excel. Experience: gathered requirements for a quarterly business review reducing costs by 15%. coordinated cross-team efforts on a new product launch improving efficiency by 30%. prepared reports and dashboards for a customer retention initiative. Education: M.Com.",Business Analyst
"Summary: Meera has 1 years of experience working as a Business Analyst, with strong command over data analysis and forecasting. Skills: data analysis, forecasting, sql, requirements gathering, reporting, excel. Experience: coordinated cross-team efforts on a supply chain optimization project. streamlined processes for a customer retention initiative. streamlined processes for a supply chain optimization project reducing costs by 12%. conducted market analysis for a customer retention initiative. Education: MBA in Business Analytics.",Business Analyst
"Summary: Rohan has 0 years of experience working as a Frontend Developer, with strong command over css and docker. Skills: css, docker, next.js, typescript, javascript, mongodb. Experience: built responsive interfaces for a social media app. optimized page performance for a content management system. created reusable components for a booking system. optimized page performance for a content management system reducing costs by 8%. Education: Diploma in Web Development.",Web Developer
"Summary: Vikram has 3 years of experience working as a Digital Marketing Executive, with strong command over canva and ppc. Skills: canva, ppc, seo, content writing, market research, branding. Experience: improved SEO rankings for a D2C fashion brand for a team of 14 people. created content strategy for a SaaS product launch improving efficiency by 14%. improved SEO rankings for an influencer campaign. created content strategy for a D2C fashion brand. Education: MBA in Marketing.",Digital Marketing
"Summary: Motivated HR Intern skilled in hrms, employee engagement, and recruitment, seeking new opportunities. Skills: hrms, employee engagement, recruitment, leadership, training, onboarding. Experience: conducted onboarding sessions for a 200+ employee organization reducing costs by 10%. resolved employee concerns for the engineering department. maintained HR records for the engineering department improving efficiency by 36%. maintained HR records for the engineering department reducing costs by 20%. Education: PGDM in HR.",HR / Recruiter
"Summary: Arjun has 1 years of experience working as a Mechanical Design Engineer, with strong command over 6 sigma and gd&t. Skills: 6 sigma, gd&t, catia, cad, quality control, solidworks. Experience: conducted quality checks on a robotic arm assembly improving efficiency by 37%. designed CAD models for an industrial pump design reducing costs by 19%. prototyped and tested a robotic arm assembly. Education: M.Tech in Design Engineering.",Mechanical Engineer
"Summary: Manish is a Web Developer Intern with hands-on experience in javascript, rest api and css. Skills: javascript, rest api, css, next.js, docker, node.js. Experience: created reusable components for an e-commerce platform. built responsive interfaces for a company dashboard. created reusable components for a content management system. Education: BCA.",Web Developer
"Summary: Motivated Data Scientist skilled in numpy, tableau, and deep learning, seeking new opportunities. Skills: numpy, tableau, deep learning, computer vision, a/b testing, power bi. Experience: developed dashboards to visualize sentiment analysis of reviews improving efficiency by 23%. deployed ML pipelines for recommendation systems for a team of 8 people. developed dashboards to visualize recommendation systems. Education: MS in Applied Mathematics.",Data Scientist
"Summary: Results-driven Marketing Intern with a background in email marketing, excel, content writing and branding. Skills: email marketing, excel, content writing, branding, market research, seo. Experience: ran paid campaigns for a D2C fashion brand for a team of 5 people. improved SEO rankings for an influencer campaign. analyzed engagement metrics for a lead generation funnel for a team of 15 people. Education: BBA in Marketing.",Digital Marketing
"Summary: Motivated Talent Acquisition Specialist skilled in recruitment, employee engagement, and leadership, seeking new opportunities. Skills: recruitment, employee engagement, leadership, excel, payroll, conflict resolution. Experience: managed end-to-end recruitment for the engineering department for a team of 8 people. maintained HR records for campus hiring drives. organized training programs for a remote workforce reducing costs by 9%. conducted onboarding sessions for a 200+ employee organization reducing costs by 22%. Education: MBA in Human Resources.",HR / Recruiter
"Summary: Meera is a SEO Specialist with hands-on experience in social media, content writing and branding. Skills: social media, content writing, branding, google analytics, email marketing, communication. Experience: managed social media presence for a D2C fashion brand. improved SEO rankings for an influencer campaign. analyzed engagement metrics for a local business for a team of 8 people. Education: B.A in Mass Communication.",Digital Marketing
"Summary: Meera has 2 years of experience working as a Systems Programmer, with strong command over c++ and data structures. Skills: c++, data structures, python, sql, algorithms, debugging. Experience: built scalable services for a payments backend. designed and implemented an internal tools platform improving efficiency by 20%. designed and implemented an internal tools platform. debugged and resolved issues in an internal tools platform for a team of 7 people. Education: B.Tech in Computer Science.",Software Engineer
"Summary: Sneha has 5 years of experience working as a People Operations Associate, with strong command over communication and hrms. Skills: communication, hrms, conflict resolution, training, employee engagement, onboarding. Experience: resolved employee concerns for campus hiring drives for a team of 4 people. maintained HR records for campus hiring drives for a team of 4 people. resolved employee concerns for a remote workforce improving efficiency by 25%. Education: MBA in Human Resources.",HR / Recruiter
"Summary: Motivated Site Reliability Engineer skilled in gcp, linux, and git, seeking new opportunities. Skills: gcp, linux, git, bash, terraform, networking. Experience: managed cloud infrastructure for an internal developer platform. configured CI/CD for a multi-region AWS deployment for a team of 14 people. monitored uptime and performance for a production Kubernetes cluster improving efficiency by 33%. Education: B.Tech in Computer Science.",DevOps Engineer
"Summary: Results-driven Strategy Associate with a background in forecasting, agile, power bi and reporting. Skills: forecasting, agile, power bi, reporting, sql, tableau. Experience: streamlined processes for a customer retention initiative reducing costs by 17%. conducted market analysis for a customer retention initiative. coordinated cross-team efforts on a new product launch improving efficiency by 32%. Education: MBA in Business Analytics.",Business Analyst
"Summary: Manish is a HR Intern with hands-on experience in onboarding, training and excel. Skills: onboarding, training, excel, recruitment, hrms, conflict resolution. Experience: conducted onboarding sessions for annual performance reviews. managed end-to-end recruitment for annual performance reviews. conducted onboarding sessions for a 200+ employee organization reducing costs by 10%. organized training programs for a 200+ employee organization for a team of 7 people. Education: BBA.",HR / Recruiter
"Summary: Meera has 3 years of experience working as a People Operations Associate, with strong command over hrms and employee engagement. Skills: hrms, employee engagement, leadership, excel, conflict resolution, communication. Experience: resolved employee concerns for campus hiring drives reducing costs by 23%. conducted onboarding sessions for a 200+ employee organization for a team of 10 people. Education: BBA.",HR / Recruiter
"Summary: Siddharth has 1 years of experience working as a SEO Specialist, with strong command over google analytics and communication. Skills: google analytics, communication, canva, ppc, email marketing, social media. Experience: ran paid campaigns for a local business for a team of 10 people. analyzed engagement metrics for an influencer campaign for a team of 12 people. ran paid campaigns for an influencer campaign improving efficiency by 35%. analyzed engagement metrics for an influencer campaign reducing costs by 6%. Education: MBA in Marketing.",Digital Marketing
"Summary: Rohan is a Cloud Engineer Intern with hands-on experience in ansible, aws and docker. Skills: ansible, aws, docker, terraform, gcp, azure. Experience: automated deployment pipelines for a microservices architecture improving efficiency by 16%. containerized services for a production Kubernetes cluster. configured CI/CD for a microservices architecture improving efficiency by 37%. monitored uptime and performance for a microservices architecture. Education: M.Tech in Cloud Computing.",DevOps Engineer
"Summary: Vikram is a ML Engineer with hands-on experience in sql, python and statistics. Skills: sql, python, statistics, power bi, deep learning, computer vision. Experience: developed dashboards to visualize recommendation systems. developed dashboards to visualize customer churn prediction. Education: B.E in Data Science.",Data Scientist
"Summary: Motivated SDE Intern skilled in c++, sql, and data structures, seeking new opportunities. Skills: c++, sql, data structures, java, testing, spring boot. Experience: wrote unit tests for a payments backend reducing costs by 18%. designed and implemented an internal tools platform improving efficiency by 37%. optimized the performance of a booking engine improving efficiency by 11%. Education: B.Tech in Computer Science.",Software Engineer
"Summary: Motivated Mechanical Design Engineer skilled in manufacturing, autocad, and cad, seeking new opportunities. Skills: manufacturing, autocad, cad, 6 sigma, matlab, thermodynamics. Experience: performed stress analysis on a consumer product line reducing costs by 24%. conducted quality checks on a HVAC system. Education: B.Tech in Mechanical Engineering.",Mechanical Engineer
"Summary: Results-driven Operations Analyst Intern with a background in sql, excel, communication and agile. Skills: sql, excel, communication, agile, data analysis, stakeholder management. Experience: prepared reports and dashboards for a new product launch improving efficiency by 38%. prepared reports and dashboards for a quarterly business review improving efficiency by 10%. prepared reports and dashboards for a supply chain optimization project. coordinated cross-team efforts on a supply chain optimization project. Education: MBA in Business Analytics.",Business Analyst
"Summary: Kavya has 3 years of experience working as a ML Engineer, with strong command over deep learning and tableau. Skills: deep learning, tableau, nlp, python, numpy, sql. Experience: analyzed large datasets to uncover demand forecasting. deployed ML pipelines for demand forecasting. Education: MS in Applied Mathematics.",Data Scientist
"Summary: Yash has 0 years of experience working as a Full Stack Developer, with strong command over next.js and mongodb. Skills: next.js, mongodb, express, sql, docker, tailwind. Experience: developed REST APIs for a company dashboard reducing costs by 14%. built responsive interfaces for a booking system for a team of 12 people. Education: Diploma in Web Development.",Web Developer
"Summary: Results-driven ML Engineer with a background in numpy, statistics, data visualization and a/b testing. Skills: numpy, statistics, data visualization, a/b testing, deep learning, scikit-learn. Experience: deployed ML pipelines for sentiment analysis of reviews. analyzed large datasets to uncover customer churn prediction reducing costs by 15%. built predictive models for fraud detection reducing costs by 23%. Education: B.E in Data Science.",Data Scientist
"Summary: Motivated Systems Programmer skilled in testing, system design, and data structures, seeking new opportunities. Skills: testing, system design, data structures, java, spring boot, algorithms. Experience: debugged and resolved issues in a real-time notification system. wrote unit tests for a payments backend for a team of 5 people. designed and implemented a real-time notification system. Education: M.Tech in Software Engineering.",Software Engineer
"Summary: Rahul has 0 years of experience working as a HR Intern, with strong command over communication and onboarding. Skills: communication, onboarding, recruitment, excel, hrms, leadership. Experience: conducted onboarding sessions for a remote workforce. organized training programs for campus hiring drives improving efficiency by 30%. maintained HR records for a remote workforce. Education: BBA.",HR / Recruiter
"Summary: Sanya is a Manufacturing Engineer Intern with hands-on experience in 6 sigma, ansys and autocad. Skills: 6 sigma, ansys, autocad, manufacturing, product design, quality control. Experience: performed stress analysis on an industrial pump design. designed CAD models for a consumer product line reducing costs by 13%. designed CAD models for an automotive component improving efficiency by 19%. Education: Diploma in Mechanical Engineering.",Mechanical Engineer
"Summary: Results-driven Product Development Engineer with a background in autocad, product design, thermodynamics and matlab. Skills: autocad, product design, thermodynamics, matlab, quality control, gd&t. Experience: prototyped and tested a consumer product line. optimized manufacturing processes for a robotic arm assembly. Education: B.Tech in Mechanical Engineering.",Mechanical Engineer
"Summary: Results-driven SDE Intern with a background in testing, spring boot, debugging and rest api. Skills: testing, spring boot, debugging, rest api, git, system design. Experience: optimized the performance of a payments backend improving efficiency by 24%. designed and implemented an internal tools platform. optimized the performance of an internal tools platform for a team of 15 people. Education: B.Tech in Computer Science.",Software Engineer
"Summary: Sneha has 0 years of experience working as a Product Development Engineer, with strong command over cad and autocad. Skills: cad, autocad, product design, manufacturing, solidworks, catia. Experience: conducted quality checks on a consumer product line improving efficiency by 39%. prototyped and tested an automotive component. optimized manufacturing processes for an industrial pump design. Education: Diploma in Mechanical Engineering.",Mechanical Engineer
"Summary: Results-driven AI Researcher with a background in computer vision, sql, python and scikit-learn. Skills: computer vision, sql, python, scikit-learn, deep learning, pytorch. Experience: analyzed large datasets to uncover demand forecasting for a team of 7 people. designed A/B tests to evaluate customer churn prediction improving efficiency by 10%. Education: B.Tech in Computer Science.",Data Scientist
"Summary: Motivated SEO Specialist skilled in content writing, excel, and branding, seeking new opportunities. Skills: content writing, excel, branding, email marketing, communication, canva. Experience: analyzed engagement metrics for an influencer campaign reducing costs by 25%. analyzed engagement metrics for a SaaS product launch. analyzed engagement metrics for a SaaS product launch. Education: Diploma in Digital Marketing.",Digital Marketing
"Summary: Neha has 1 years of experience working as a DevOps Engineer, with strong command over aws and jenkins. Skills: aws, jenkins, kubernetes, azure, gcp, bash. Experience: managed cloud infrastructure for an internal developer platform. monitored uptime and performance for an internal developer platform. managed cloud infrastructure for a production Kubernetes cluster improving efficiency by 25%. configured CI/CD for an internal developer platform. Education: M.Tech in Cloud Computing.",DevOps Engineer
"Summary: Results-driven People Operations Associate with a background in recruitment, communication, employee engagement and leadership. Skills: recruitment, communication, employee engagement, leadership, excel, payroll. Experience: maintained HR records for annual performance reviews. resolved employee concerns for a 200+ employee organization. organized training programs for campus hiring drives improving efficiency by 19%. resolved employee concerns for a 200+ employee organization improving efficiency by 32%. Education: PGDM in HR.",HR / Recruiter
"Summary: Results-driven Systems Programmer with a background in debugging, python, c++ and java. Skills: debugging, python, c++, java, spring boot, rest api. Experience: designed and implemented a payments backend for a team of 7 people. debugged and resolved issues in a payments backend. Education: B.E in Information Technology.",Software Engineer
"Summary: Meera has 0 years of experience working as a Product Development Engineer, with strong command over product design and 6 sigma. Skills: product design, 6 sigma, quality control, matlab, catia, solidworks. Experience: conducted quality checks on a HVAC system reducing costs by 24%. performed stress analysis on a consumer product line improving efficiency by 25%. Education: M.Tech in Design Engineering.",Mechanical Engineer
"Summary: Results-driven Product Analyst with a background in reporting, requirements gathering, stakeholder management and sql. Skills: reporting, requirements gathering, stakeholder management, sql, communication, tableau. Experience: coordinated cross-team efforts on a quarterly business review. streamlined processes for a customer retention initiative. streamlined processes for a new product launch improving efficiency by 16%. Education: M.Com.",Business Analyst
"Summary: Results-driven AI Researcher with a background in data visualization, deep learning, machine learning and sql. Skills: data visualization, deep learning, machine learning, sql, python, scikit-learn. Experience: built predictive models for sentiment analysis of reviews reducing costs by 20%. deployed ML pipelines for recommendation systems. developed dashboards to visualize fraud detection for a team of 7 people. designed A/B tests to evaluate customer churn prediction for a team of 13 people. Education: MS in Applied Mathematics.",Data Scientist
"Summary: Motivated Data Scientist skilled in pandas, nlp, and pytorch, seeking new opportunities. Skills: pandas, nlp, pytorch, statistics, deep learning, numpy. Experience: deployed ML pipelines for demand forecasting improving efficiency by 38%. analyzed large datasets to uncover customer churn prediction. Education: M.Sc in Statistics.",Data Scientist
"Summary: Kavya has 2 years of experience working as a Strategy Associate, with strong command over requirements gathering and data analysis. Skills: requirements gathering, data analysis, forecasting, excel, jira, communication. Experience: coordinated cross-team efforts on a customer retention initiative improving efficiency by 10%. prepared reports and dashboards for a new product launch for a team of 4 people. Education: M.Com.",Business Analyst
"Summary: Divya has 4 years of experience working as a Digital Marketing Executive, with strong command over content writing and communication. Skills: content writing, communication, social media, seo, branding, market research. Experience: ran paid campaigns for a local business. managed social media presence for an influencer campaign for a team of 13 people. Education: Diploma in Digital Marketing.",Digital Marketing
"Summary: Ritika is a HR Executive with hands-on experience in payroll, conflict resolution and communication. Skills: payroll, conflict resolution, communication, recruitment, training, excel. Experience: conducted onboarding sessions for a 200+ employee organization improving efficiency by 21%. maintained HR records for a remote workforce for a team of 9 people. resolved employee concerns for annual performance reviews for a team of 15 people. resolved employee concerns for a remote workforce for a team of 9 people. Education: B.A in Psychology.",HR / Recruiter
"Summary: Pooja is a Full Stack Developer with hands-on experience in typescript, css and docker. Skills: typescript, css, docker, git, tailwind, javascript. Experience: implemented authentication flows for a booking system. built responsive interfaces for an e-commerce platform improving efficiency by 10%. created reusable components for a content management system reducing costs by 18%. Education: B.Tech in Computer Science.",Web Developer
"Summary: Motivated Data Scientist skilled in machine learning, a/b testing, and statistics, seeking new opportunities. Skills: machine learning, a/b testing, statistics, tableau, pandas, computer vision. Experience: designed A/B tests to evaluate recommendation systems. built predictive models for recommendation systems. designed A/B tests to evaluate customer churn prediction for a team of 4 people. analyzed large datasets to uncover recommendation systems. Education: B.Tech in Computer Science.",Data Scientist
"Summary: Motivated Software Engineer skilled in java, rest api, and debugging, seeking new opportunities. Skills: java, rest api, debugging, spring boot, sql, data structures. Experience: built scalable services for a payments backend for a team of 14 people. optimized the performance of a booking engine reducing costs by 6%. Education: B.E in Information Technology.",Software Engineer
"Summary: Results-driven Software Engineer with a background in sql, spring boot, oop and rest api. Skills: sql, spring boot, oop, rest api, python, git. Experience: wrote unit tests for a booking engine. built scalable services for a payments backend improving efficiency by 28%. built scalable services for a search service. debugged and resolved issues in an internal tools platform. Education: B.E in Information Technology.",Software Engineer
"Summary: Motivated Full Stack Developer skilled in sql, docker, and tailwind, seeking new opportunities. Skills: sql, docker, tailwind, react, next.js, html. Experience: built responsive interfaces for a social media app improving efficiency by 20%. built responsive interfaces for a content management system for a team of 9 people. Education: B.Tech in Computer Science.",Web Developer
"Summary: Results-driven Systems Programmer with a background in rest api, python, c++ and system design. Skills: rest api, python, c++, system design, sql, git. Experience: wrote unit tests for a search service for a team of 14 people. debugged and resolved issues in a search service. Education: M.Tech in Software Engineering.",Software Engineer
"Summary: Motivated Business Analyst skilled in jira, forecasting, and sql, seeking new opportunities. Skills: jira, forecasting, sql, communication, tableau, stakeholder management. Experience: streamlined processes for a customer retention initiative. coordinated cross-team efforts on a customer retention initiative. gathered requirements for a quarterly business review reducing costs by 22%. Education: M.Com.",Business Analyst
"Summary: Results-driven Content Strategist with a background in canva, branding, ppc and social media. Skills: canva, branding, ppc, social media, google analytics, communication. Experience: analyzed engagement metrics for a SaaS product launch. improved SEO rankings for an influencer campaign improving efficiency by 25%. managed social media presence for a local business for a team of 12 people. ran paid campaigns for a D2C fashion brand. Education: Diploma in Digital Marketing.",Digital Marketing
"Summary: Results-driven Product Analyst with a background in data analysis, power bi, sql and reporting. Skills: data analysis, power bi, sql, reporting, jira, stakeholder management. Experience: conducted market analysis for a new product launch improving efficiency by 27%. streamlined processes for a new product launch improving efficiency by 10%. Education: B.Com.",Business Analyst
"Summary: Yash has 2 years of experience working as a HR Intern, with strong command over employee engagement and onboarding. Skills: employee engagement, onboarding, conflict resolution, communication, recruitment, payroll. Experience: organized training programs for annual performance reviews reducing costs by 23%. maintained HR records for a 200+ employee organization improving efficiency by 19%. Education: B.A in Psychology.",HR / Recruiter
"Summary: Ritika has 0 years of experience working as a Full Stack Developer, with strong command over javascript and tailwind. Skills: javascript, tailwind, css, node.js, express, mongodb. Experience: developed REST APIs for a content management system improving efficiency by 22%. created reusable components for a booking system for a team of 3 people. optimized page performance for a booking system for a team of 7 people. developed REST APIs for a content management system for a team of 15 people. Education: B.Sc in Information Technology.",Web Developer
"Summary: Motivated Digital Marketing Executive skilled in google analytics, content writing, and communication, seeking new opportunities. Skills: google analytics, content writing, communication, social media, ppc, branding. Experience: ran paid campaigns for a lead generation funnel for a team of 5 people. ran paid campaigns for a SaaS product launch. created content strategy for a D2C fashion brand reducing costs by 8%. managed social media presence for a D2C fashion brand. Education: B.A in Mass Communication.",Digital Marketing
"Summary: Results-driven Site Reliability Engineer with a background in networking, terraform, linux and bash. Skills: networking, terraform, linux, bash, ci/cd, monitoring. Experience: monitored uptime and performance for an internal developer platform. managed cloud infrastructure for a multi-region AWS deployment. configured CI/CD for a production Kubernetes cluster for a team of 12 people. containerized services for a microservices architecture. Education: B.Tech in Computer Science.",DevOps Engineer
"Summary: Yash is a HR Intern with hands-on experience in excel, employee engagement and training. Skills: excel, employee engagement, training, hrms, recruitment, leadership. Experience: organized training programs for campus hiring drives for a team of 4 people. maintained HR records for a remote workforce improving efficiency by 11%. Education: B.A in Psychology.",HR / Recruiter
"Summary: Divya is a SEO Specialist with hands-on experience in communication, email marketing and google analytics. Skills: communication, email marketing, google analytics, content writing, ppc, canva. Experience: created content strategy for a local business improving efficiency by 12%. improved SEO rankings for an influencer campaign for a team of 15 people. ran paid campaigns for a local business for a team of 15 people. Education: Diploma in Digital Marketing.",Digital Marketing
"Summary: Motivated Cloud Engineer Intern skilled in linux, jenkins, and terraform, seeking new opportunities. Skills: linux, jenkins, terraform, gcp, aws, docker. Experience: configured CI/CD for a microservices architecture reducing costs by 20%. containerized services for a production Kubernetes cluster improving efficiency by 15%. Education: M.Tech in Cloud Computing.",DevOps Engineer
"Summary: Motivated Site Reliability Engineer skilled in terraform, kubernetes, and ci/cd, seeking new opportunities. Skills: terraform, kubernetes, ci/cd, git, ansible, docker. Experience: automated deployment pipelines for a production Kubernetes cluster for a team of 5 people. configured CI/CD for a multi-region AWS deployment reducing costs by 16%. Education: B.Tech in Computer Science.",DevOps Engineer
"Summary: Results-driven Infrastructure Engineer with a background in monitoring, linux, ci/cd and azure. Skills: monitoring, linux, ci/cd, azure, ansible, gcp. Experience: containerized services for an internal developer platform. managed cloud infrastructure for an internal developer platform reducing costs by 13%. Education: B.Tech in Computer Science.",DevOps Engineer
"Summary: Ritika is a Site Reliability Engineer with hands-on experience in ansible, gcp and networking. Skills: ansible, gcp, networking, terraform, bash, ci/cd. Experience: containerized services for a multi-region AWS deployment for a team of 10 people. configured CI/CD for a microservices architecture for a team of 14 people. configured CI/CD for a microservices architecture improving efficiency by 35%. Education: M.Tech in Cloud Computing.",DevOps Engineer
"Summary: Results-driven Product Development Engineer with a background in 6 sigma, thermodynamics, manufacturing and catia. Skills: 6 sigma, thermodynamics, manufacturing, catia, autocad, cad. Experience: designed CAD models for a HVAC system. prototyped and tested a consumer product line improving efficiency by 26%. optimized manufacturing processes for a consumer product line reducing costs by 14%. Education: M.Tech in Design Engineering.",Mechanical Engineer
"Summary: Motivated DevOps Engineer skilled in docker, jenkins, and monitoring, seeking new opportunities. Skills: docker, jenkins, monitoring, aws, terraform, git. Experience: automated deployment pipelines for a microservices architecture reducing costs by 7%. managed cloud infrastructure for a microservices architecture for a team of 15 people. containerized services for a multi-region AWS deployment for a team of 15 people. Education: M.Tech in Cloud Computing.",DevOps Engineer
"Summary: Motivated Digital Marketing Executive skilled in canva, market research, and communication, seeking new opportunities. Skills: canva, market research, communication, branding, social media, content writing. Experience: managed social media presence for an influencer campaign for a team of 13 people. improved SEO rankings for a local business. Education: Diploma in Digital Marketing.",Digital Marketing
"Summary: Pooja has 1 years of experience working as a Product Development Engineer, with strong command over matlab and autocad. Skills: matlab, autocad, 6 sigma, cad, catia, manufacturing. Experience: prototyped and tested an industrial pump design reducing costs by 5%. optimized manufacturing processes for a consumer product line. performed stress analysis on a HVAC system for a team of 13 people. Education: Diploma in Mechanical Engineering.",Mechanical Engineer
"Summary: Motivated Manufacturing Engineer Intern skilled in ansys, thermodynamics, and manufacturing, seeking new opportunities. Skills: ansys, thermodynamics, manufacturing, 6 sigma, solidworks, quality control. Experience: performed stress analysis on an industrial pump design. optimized manufacturing processes for a consumer product line improving efficiency by 27%. prototyped and tested an industrial pump design reducing costs by 11%. Education: B.Tech in Mechanical Engineering.",Mechanical Engineer
"Summary: Sneha is a HR Intern with hands-on experience in leadership, payroll and excel. Skills: leadership, payroll, excel, recruitment, hrms, training. Experience: resolved employee concerns for annual performance reviews reducing costs by 23%. organized training programs for a 200+ employee organization. managed end-to-end recruitment for the engineering department improving efficiency by 15%. resolved employee concerns for a remote workforce improving efficiency by 38%. Education: B.A in Psychology.",HR / Recruiter
"Summary: Motivated Mechanical Design Engineer skilled in ansys, gd&t, and thermodynamics, seeking new opportunities. Skills: ansys, gd&t, thermodynamics, product design, matlab, cad. Experience: performed stress analysis on a consumer product line improving efficiency by 33%. optimized manufacturing processes for a HVAC system. optimized manufacturing processes for a HVAC system. conducted quality checks on an industrial pump design for a team of 3 people. Education: Diploma in Mechanical Engineering.",Mechanical Engineer
"Summary: Sanya is a Infrastructure Engineer with hands-on experience in linux, ansible and docker. Skills: linux, ansible, docker, networking, bash, kubernetes. Experience: managed cloud infrastructure for a production Kubernetes cluster improving efficiency by 12%. containerized services for an internal developer platform. monitored uptime and performance for an internal developer platform. Education: B.Tech in Computer Science.",DevOps Engineer
"Summary: Priya is a Product Analyst with hands-on experience in agile, excel and forecasting. Skills: agile, excel, forecasting, communication, data analysis, requirements gathering. Experience: coordinated cross-team efforts on a customer retention initiative. streamlined processes for a customer retention initiative for a team of 11 people. gathered requirements for a new product launch reducing costs by 11%. coordinated cross-team efforts on a new product launch. Education: B.Com.",Business Analyst
"Summary: Manish is a HR Intern with hands-on experience in onboarding, leadership and training. Skills: onboarding, leadership, training, communication, excel, conflict resolution. Experience: resolved employee concerns for the engineering department improving efficiency by 24%. maintained HR records for the engineering department improving efficiency by 15%. Education: BBA.",HR / Recruiter
"Summary: Rohan is a HR Intern with hands-on experience in communication, training and excel. Skills: communication, training, excel, onboarding, conflict resolution, employee engagement. Experience: conducted onboarding sessions for the engineering department reducing costs by 23%. conducted onboarding sessions for annual performance reviews. Education: MBA in Human Resources.",HR / Recruiter
"Summary: Ritika has 0 years of experience working as a Digital Marketing Executive, with strong command over canva and communication. Skills: canva, communication, content writing, excel, market research, seo. Experience: created content strategy for a SaaS product launch. created content strategy for an influencer campaign. managed social media presence for a SaaS product launch reducing costs by 13%. Education: Diploma in Digital Marketing.",Digital Marketing
"Summary: Results-driven Manufacturing Engineer Intern with a background in ansys, solidworks, manufacturing and cad. Skills: ansys, solidworks, manufacturing, cad, matlab, quality control. Experience: performed stress analysis on a HVAC system. optimized manufacturing processes for a robotic arm assembly. optimized manufacturing processes for an industrial pump design. performed stress analysis on an industrial pump design. Education: Diploma in Mechanical Engineering.",Mechanical Engineer
"Summary: Results-driven Operations Analyst Intern with a background in forecasting, communication, requirements gathering and stakeholder management. Skills: forecasting, communication, requirements gathering, stakeholder management, jira, power bi. Experience: conducted market analysis for a supply chain optimization project. streamlined processes for a supply chain optimization project. Education: MBA in Business Analytics.",Business Analyst
"Summary: Manish is a Talent Acquisition Specialist with hands-on experience in communication, recruitment and leadership. Skills: communication, recruitment, leadership, excel, employee engagement, conflict resolution. Experience: conducted onboarding sessions for a 200+ employee organization reducing costs by 25%. managed end-to-end recruitment for a remote workforce. Education: BBA.",HR / Recruiter
"Summary: Ananya has 2 years of experience working as a SEO Specialist, with strong command over ppc and content writing. Skills: ppc, content writing, google analytics, social media, excel, seo. Experience: analyzed engagement metrics for a lead generation funnel. improved SEO rankings for a SaaS product launch reducing costs by 9%. created content strategy for a lead generation funnel for a team of 3 people. Education: MBA in Marketing.",Digital Marketing
"Summary: Results-driven HR Executive with a background in employee engagement, training, onboarding and excel. Skills: employee engagement, training, onboarding, excel, payroll, recruitment. Experience: organized training programs for a remote workforce for a team of 15 people. organized training programs for campus hiring drives. conducted onboarding sessions for campus hiring drives reducing costs by 20%. managed end-to-end recruitment for annual performance reviews. Education: PGDM in HR.",HR / Recruiter
"Summary: Neha is a People Operations Associate with hands-on experience in training, leadership and payroll. Skills: training, leadership, payroll, conflict resolution, employee engagement, recruitment. Experience: maintained HR records for a 200+ employee organization. conducted onboarding sessions for a remote workforce. Education: PGDM in HR.",HR / Recruiter
"Summary: Results-driven HR Executive with a background in leadership, conflict resolution, excel and hrms. Skills: leadership, conflict resolution, excel, hrms, communication, onboarding. Experience: managed end-to-end recruitment for a 200+ employee organization for a team of 3 people. resolved employee concerns for the engineering department for a team of 5 people. maintained HR records for annual performance reviews reducing costs by 15%. Education: BBA.",HR / Recruiter
"Summary: Results-driven Product Development Engineer with a background in gd&t, product design, cad and 6 sigma. Skills: gd&t, product design, cad, 6 sigma, ansys, manufacturing. Experience: prototyped and tested a HVAC system for a team of 15 people. conducted quality checks on an industrial pump design for a team of 8 people. Education: M.Tech in Design Engineering.",Mechanical Engineer
"Summary: Motivated Backend Developer skilled in algorithms, python, and oop, seeking new opportunities. Skills: algorithms, python, oop, debugging, rest api, system design. Experience: designed and implemented a booking engine for a team of 8 people. built scalable services for a payments backend. optimized the performance of a real-time notification system reducing costs by 15%. optimized the performance of a booking engine improving efficiency by 31%. Education: B.Tech in Computer Science.",Software Engineer
"Summary: Results-driven Business Analyst with a background in data analysis, reporting, power bi and jira. Skills: data analysis, reporting, power bi, jira, excel, requirements gathering. Experience: gathered requirements for a quarterly business review for a team of 15 people. coordinated cross-team efforts on a supply chain optimization project for a team of 7 people. prepared reports and dashboards for a supply chain optimization project for a team of 11 people. Education: BBA.",Business Analyst
"Summary: Arjun is a HR Executive with hands-on experience in communication, leadership and payroll. Skills: communication, leadership, payroll, excel, training, employee engagement. Experience: resolved employee concerns for the engineering department reducing costs by 18%. maintained HR records for a remote workforce. maintained HR records for campus hiring drives. managed end-to-end recruitment for a 200+ employee organization for a team of 14 people. Education: BBA.",HR / Recruiter
"Summary: Rohan has 2 years of experience working as a UI Engineer, with strong command over mongodb and node.js. Skills: mongodb, node.js, typescript, css, docker, express. Experience: created reusable components for a social media app for a team of 8 people. built responsive interfaces for a company dashboard. built responsive interfaces for a social media app improving efficiency by 21%. Education: B.Sc in Information Technology.",Web Developer
"Summary: Results-driven Systems Programmer with a background in testing, debugging, sql and data structures. Skills: testing, debugging, sql, data structures, java, python. Experience: wrote unit tests for a booking engine for a team of 13 people. designed and implemented a real-time notification system reducing costs by 25%. debugged and resolved issues in a search service. Education: B.Tech in Computer Science.",Software Engineer
"Summary: Motivated Product Analyst skilled in stakeholder management, tableau, and excel, seeking new opportunities. Skills: stakeholder management, tableau, excel, agile, sql, jira. Experience: streamlined processes for a supply chain optimization project improving efficiency by 33%. conducted market analysis for a new product launch. Education: M.Com.",Business Analyst
"Summary: Results-driven DevOps Engineer with a background in ci/cd, docker, jenkins and azure. Skills: ci/cd, docker, jenkins, azure, gcp, git. Experience: containerized services for an internal developer platform. managed cloud infrastructure for a production Kubernetes cluster improving efficiency by 10%. containerized services for a multi-region AWS deployment. Education: M.Tech in Cloud Computing.",DevOps Engineer
"Summary: Motivated DevOps Engineer skilled in azure, git, and linux, seeking new opportunities. Skills: azure, git, linux, aws, bash, docker. Experience: configured CI/CD for a microservices architecture for a team of 13 people. managed cloud infrastructure for a multi-region AWS deployment improving efficiency by 17%. monitored uptime and performance for an internal developer platform for a team of 12 people. Education: M.Tech in Cloud Computing.",DevOps Engineer
"Summary: Ritika has 1 years of experience working as a SDE Intern, with strong command over sql and java. Skills: sql, java, c++, spring boot, data structures, algorithms. Experience: wrote unit tests for a booking engine. wrote unit tests for an internal tools platform reducing costs by 8%. Education: B.E in Information Technology.",Software Engineer
"Summary: Results-driven SEO Specialist with a background in content writing, market research, excel and email marketing. Skills: content writing, market research, excel, email marketing, canva, social media. Experience: improved SEO rankings for a local business. created content strategy for a D2C fashion brand. managed social media presence for an influencer campaign improving efficiency by 10%. Education: Diploma in Digital Marketing.",Digital Marketing
"Summary: Results-driven Product Analyst with a background in requirements gathering, stakeholder management, power bi and data analysis. Skills: requirements gathering, stakeholder management, power bi, data analysis, excel, agile. Experience: prepared reports and dashboards for a new product launch. gathered requirements for a new product launch. prepared reports and dashboards for a supply chain optimization project for a team of 11 people. Education: B.Com.",Business Analyst
"Summary: Results-driven Mechanical Design Engineer with a background in catia, matlab, manufacturing and 6 sigma. Skills: catia, matlab, manufacturing, 6 sigma, cad, ansys. Experience: designed CAD models for an automotive component. performed stress analysis on a robotic arm assembly improving efficiency by 10%. optimized manufacturing processes for an automotive component. Education: Diploma in Mechanical Engineering.",Mechanical Engineer
"Summary: Motivated Business Analyst skilled in requirements gathering, stakeholder management, and sql, seeking new opportunities. Skills: requirements gathering, stakeholder management, sql, data analysis, jira, tableau. Experience: conducted market analysis for a supply chain optimization project. streamlined processes for a customer retention initiative. streamlined processes for a customer retention initiative improving efficiency by 11%. streamlined processes for a quarterly business review. Education: MBA in Business Analytics.",Business Analyst
"Summary: Kavya is a Product Development Engineer with hands-on experience in quality control, catia and cad. Skills: quality control, catia, cad, thermodynamics, gd&t, product design. Experience: optimized manufacturing processes for a robotic arm assembly reducing costs by 13%. designed CAD models for an automotive component reducing costs by 9%. conducted quality checks on an industrial pump design for a team of 15 people. Education: Diploma in Mechanical Engineering.",Mechanical Engineer
"Summary: Results-driven People Operations Associate with a background in hrms, training, conflict resolution and excel. Skills: hrms, training, conflict resolution, excel, onboarding, communication. Experience: conducted onboarding sessions for annual performance reviews improving efficiency by 22%. resolved employee concerns for campus hiring drives. Education: PGDM in HR.",HR / Recruiter
"Summary: Kavya is a UI Engineer with hands-on experience in react, rest api and typescript. Skills: react, rest api, typescript, javascript, node.js, tailwind. Experience: implemented authentication flows for a content management system improving efficiency by 34%. built responsive interfaces for an e-commerce platform. built responsive interfaces for a booking system for a team of 9 people. developed REST APIs for a content management system. Education: B.Sc in Information Technology.",Web Developer
"Summary: Sanya is a Web Developer Intern with hands-on experience in sql, mongodb and node.js. Skills: sql, mongodb, node.js, rest api, next.js, tailwind. Experience: built responsive interfaces for a content management system for a team of 9 people. developed REST APIs for a social media app for a team of 9 people. built responsive interfaces for a company dashboard reducing costs by 15%. optimized page performance for a booking system. Education: Diploma in Web Development.",Web Developer
"Summary: Kavya is a Site Reliability Engineer with hands-on experience in git, ansible and terraform. Skills: git, ansible, terraform, kubernetes, networking, gcp. Experience: configured CI/CD for a production Kubernetes cluster for a team of 5 people. configured CI/CD for a multi-region AWS deployment reducing costs by 7%. Education: M.Tech in Cloud Computing.",DevOps Engineer
"Summary: Divya has 5 years of experience working as a Mechanical Design Engineer, with strong command over autocad and gd&t. Skills: autocad, gd&t, matlab, thermodynamics, manufacturing, ansys. Experience: designed CAD models for a robotic arm assembly reducing costs by 9%. conducted quality checks on an automotive component improving efficiency by 27%. optimized manufacturing processes for a consumer product line improving efficiency by 36%. Education: B.Tech in Mechanical Engineering.",Mechanical Engineer
"Summary: Ritika is a Full Stack Developer with hands-on experience in typescript, node.js and git. Skills: typescript, node.js, git, html, css, sql. Experience: implemented authentication flows for a booking system for a team of 9 people. developed REST APIs for a company dashboard reducing costs by 6%. Education: BCA.",Web Developer
"Summary: Results-driven SDE Intern with a background in rest api, java, oop and debugging. Skills: rest api, java, oop, debugging, c++, system design. Experience: optimized the performance of a real-time notification system improving efficiency by 12%. debugged and resolved issues in a payments backend reducing costs by 23%. designed and implemented an internal tools platform. Education: B.E in Information Technology.",Software Engineer
"Summary: Meera has 2 years of experience working as a Data Scientist, with strong command over sql and deep learning. Skills: sql, deep learning, tensorflow, numpy, pytorch, pandas. Experience: analyzed large datasets to uncover recommendation systems reducing costs by 22%. developed dashboards to visualize sentiment analysis of reviews. analyzed large datasets to uncover demand forecasting. Education: B.Tech in Computer Science.",Data Scientist
"Summary: Motivated Talent Acquisition Specialist skilled in conflict resolution, payroll, and hrms, seeking new opportunities. Skills: conflict resolution, payroll, hrms, communication, training, onboarding. Experience: organized training programs for annual performance reviews reducing costs by 7%. resolved employee concerns for a remote workforce improving efficiency by 10%. managed end-to-end recruitment for annual performance reviews. maintained HR records for campus hiring drives improving efficiency by 24%. Education: PGDM in HR.",HR / Recruiter
"Summary: Aarav has 3 years of experience working as a Product Analyst, with strong command over data analysis and power bi. Skills: data analysis, power bi, sql, forecasting, stakeholder management, agile. Experience: streamlined processes for a customer retention initiative for a team of 9 people. prepared reports and dashboards for a supply chain optimization project. Education: M.Com.",Business Analyst
"Summary: Motivated HR Executive skilled in employee engagement, payroll, and recruitment, seeking new opportunities. Skills: employee engagement, payroll, recruitment, leadership, hrms, communication. Experience: resolved employee concerns for campus hiring drives for a team of 13 people. maintained HR records for campus hiring drives reducing costs by 12%. Education: B.A in Psychology.",HR / Recruiter
"Summary: Results-driven Operations Analyst Intern with a background in jira, requirements gathering, sql and excel. Skills: jira, requirements gathering, sql, excel, tableau, power bi. Experience: conducted market analysis for a new product launch. coordinated cross-team efforts on a supply chain optimization project. Education: M.Com.",Business Analyst
"Summary: Aditya is a Digital Marketing Executive with hands-on experience in email marketing, branding and ppc. Skills: email marketing, branding, ppc, social media, content writing, seo. Experience: improved SEO rankings for a lead generation funnel. created content strategy for an influencer campaign reducing costs by 22%. created content strategy for a D2C fashion brand. improved SEO rankings for an influencer campaign. Education: BBA in Marketing.",Digital Marketing
"Summary: Ritika is a Mechanical Design Engineer with hands-on experience in ansys, gd&t and 6 sigma. Skills: ansys, gd&t, 6 sigma, quality control, thermodynamics, matlab. Experience: optimized manufacturing processes for an industrial pump design. designed CAD models for a HVAC system reducing costs by 15%. designed CAD models for a HVAC system for a team of 8 people. prototyped and tested a HVAC system improving efficiency by 28%. Education: Diploma in Mechanical Engineering.",Mechanical Engineer
"Summary: Motivated Operations Analyst Intern skilled in excel, power bi, and reporting, seeking new opportunities. Skills: excel, power bi, reporting, tableau, stakeholder management, jira. Experience: prepared reports and dashboards for a supply chain optimization project improving efficiency by 25%. coordinated cross-team efforts on a supply chain optimization project improving efficiency by 10%. prepared reports and dashboards for a customer retention initiative. Education: M.Com.",Business Analyst
"Summary: Arjun is a Strategy Associate with hands-on experience in reporting, requirements gathering and forecasting. Skills: reporting, requirements gathering, forecasting, tableau, excel, stakeholder management. Experience: coordinated cross-team efforts on a new product launch. prepared reports and dashboards for a quarterly business review. coordinated cross-team efforts on a customer retention initiative. gathered requirements for a new product launch. Education: B.Com.",Business Analyst
"Summary: Motivated Full Stack Developer skilled in sql, tailwind, and express, seeking new opportunities. Skills: sql, tailwind, express, git, typescript, react. Experience: created reusable components for a booking system. created reusable components for a content management system for a team of 13 people. created reusable components for a social media app for a team of 13 people. created reusable components for a company dashboard improving efficiency by 32%. Education: BCA.",Web Developer
"Summary: Vikram is a Business Analyst with hands-on experience in excel, requirements gathering and sql. Skills: excel, requirements gathering, sql, communication, data analysis, agile. Experience: prepared reports and dashboards for a new product launch reducing costs by 20%. conducted market analysis for a quarterly business review. Education: B.Com.",Business Analyst
"Summary: Yash has 1 years of experience working as a AI Researcher, with strong command over sql and pandas. Skills: sql, pandas, statistics, power bi, data visualization, scikit-learn. Experience: developed dashboards to visualize customer churn prediction. deployed ML pipelines for sentiment analysis of reviews. deployed ML pipelines for customer churn prediction. designed A/B tests to evaluate demand forecasting improving efficiency by 30%. Education: MS in Applied Mathematics.",Data Scientist
"Summary: Sneha has 1 years of experience working as a Cloud Engineer Intern, with strong command over ci/cd and gcp. Skills: ci/cd, gcp, networking, monitoring, kubernetes, git. Experience: containerized services for a microservices architecture. managed cloud infrastructure for a multi-region AWS deployment reducing costs by 21%. configured CI/CD for a production Kubernetes cluster. containerized services for a production Kubernetes cluster improving efficiency by 13%. Education: B.Tech in Computer Science.",DevOps Engineer
"Summary: Motivated Manufacturing Engineer Intern skilled in ansys, gd&t, and autocad, seeking new opportunities. Skills: ansys, gd&t, autocad, matlab, catia, thermodynamics. Experience: designed CAD models for an automotive component. performed stress analysis on a robotic arm assembly. optimized manufacturing processes for a consumer product line improving efficiency by 25%. prototyped and tested a HVAC system reducing costs by 22%. Education: Diploma in Mechanical Engineering.",Mechanical Engineer
"Summary: Motivated Mechanical Design Engineer skilled in ansys, quality control, and product design, seeking new opportunities. Skills: ansys, quality control, product design, 6 sigma, thermodynamics, autocad. Experience: performed stress analysis on an automotive component for a team of 9 people. optimized manufacturing processes for a consumer product line reducing costs by 25%. performed stress analysis on a HVAC system. Education: M.Tech in Design Engineering.",Mechanical Engineer
"Summary: Rohan is a Software Engineer with hands-on experience in spring boot, sql and java. Skills: spring boot, sql, java, rest api, git, algorithms. Experience: optimized the performance of a search service. optimized the performance of a payments backend for a team of 12 people. designed and implemented a real-time notification system. Education: B.Tech in Computer Science.",Software Engineer
"Summary: Motivated SEO Specialist skilled in canva, google analytics, and market research, seeking new opportunities. Skills: canva, google analytics, market research, communication, content writing, ppc. Experience: ran paid campaigns for a D2C fashion brand. improved SEO rankings for an influencer campaign reducing costs by 15%. Education: MBA in Marketing.",Digital Marketing
"Summary: Manish has 2 years of experience working as a Mechanical Design Engineer, with strong command over catia and quality control. Skills: catia, quality control, cad, autocad, product design, thermodynamics. Experience: performed stress analysis on a robotic arm assembly for a team of 8 people. designed CAD models for a robotic arm assembly. Education: B.Tech in Mechanical Engineering.",Mechanical Engineer
"Summary: Results-driven Backend Developer with a background in data structures, spring boot, oop and sql. Skills: data structures, spring boot, oop, sql, testing, algorithms. Experience: optimized the performance of a search service improving efficiency by 18%. designed and implemented a search service improving efficiency by 24%. built scalable services for a payments backend reducing costs by 21%. debugged and resolved issues in a real-time notification system reducing costs by 18%. Education: B.Tech in Computer Science.",Software Engineer
"Summary: Motivated Infrastructure Engineer skilled in aws, git, and terraform, seeking new opportunities. Skills: aws, git, terraform, networking, docker, kubernetes. Experience: monitored uptime and performance for a multi-region AWS deployment improving efficiency by 31%. automated deployment pipelines for a microservices architecture for a team of 11 people. Education: M.Tech in Cloud Computing.",DevOps Engineer
"Summary: Arjun is a SDE Intern with hands-on experience in python, debugging and data structures. Skills: python, debugging, data structures, spring boot, sql, oop. Experience: built scalable services for a search service reducing costs by 19%. optimized the performance of a booking engine. Education: M.Tech in Software Engineering.",Software Engineer
"Summary: Rohan has 1 years of experience working as a ML Engineer, with strong command over sql and a/b testing. Skills: sql, a/b testing, pandas, deep learning, scikit-learn, data visualization. Experience: built predictive models for customer churn prediction. deployed ML pipelines for recommendation systems reducing costs by 19%. Education: B.E in Data Science.",Data Scientist
"Summary: Karan has 5 years of experience working as a HR Intern, with strong command over onboarding and communication. Skills: onboarding, communication, recruitment, conflict resolution, excel, employee engagement. Experience: maintained HR records for campus hiring drives reducing costs by 17%. conducted onboarding sessions for annual performance reviews reducing costs by 18%. organized training programs for a remote workforce. Education: MBA in Human Resources.",HR / Recruiter
"Summary: Aditya has 1 years of experience working as a Product Development Engineer, with strong command over product design and quality control. Skills: product design, quality control, ansys, catia, manufacturing, thermodynamics. Experience: conducted quality checks on a consumer product line improving efficiency by 38%. prototyped and tested a consumer product line improving efficiency by 26%. prototyped and tested an industrial pump design. optimized manufacturing processes for a robotic arm assembly reducing costs by 25%. Education: B.Tech in Mechanical Engineering.",Mechanical Engineer
"Summary: Motivated ML Engineer skilled in deep learning, pytorch, and tensorflow, seeking new opportunities. Skills: deep learning, pytorch, tensorflow, statistics, power bi, nlp. Experience: analyzed large datasets to uncover recommendation systems improving efficiency by 25%. designed A/B tests to evaluate recommendation systems reducing costs by 5%. Education: B.E in Data Science.",Data Scientist
"Summary: Motivated Talent Acquisition Specialist skilled in excel, recruitment, and leadership, seeking new opportunities. Skills: excel, recruitment, leadership, conflict resolution, employee engagement, onboarding. Experience: organized training programs for a 200+ employee organization. maintained HR records for the engineering department improving efficiency by 23%. Education: B.A in Psychology.",HR / Recruiter
"Summary: Divya has 2 years of experience working as a Software Engineer, with strong command over sql and system design. Skills: sql, system design, spring boot, git, java, oop. Experience: built scalable services for a payments backend for a team of 14 people. designed and implemented an internal tools platform reducing costs by 10%. Education: B.E in Information Technology.",Software Engineer
"Summary: Results-driven Content Strategist with a background in branding, ppc, content writing and communication. Skills: branding, ppc, content writing, communication, seo, market research. Experience: improved SEO rankings for a lead generation funnel. managed social media presence for a lead generation funnel improving efficiency by 19%. ran paid campaigns for a D2C fashion brand reducing costs by 22%. improved SEO rankings for a local business. Education: B.A in Mass Communication.",Digital Marketing
"Summary: Motivated ML Engineer skilled in a/b testing, machine learning, and sql, seeking new opportunities. Skills: a/b testing, machine learning, sql, power bi, statistics, tensorflow. Experience: deployed ML pipelines for recommendation systems. designed A/B tests to evaluate demand forecasting improving efficiency by 10%. Education: B.E in Data Science.",Data Scientist
"Summary: Results-driven Systems Programmer with a background in algorithms, testing, rest api and python. Skills: algorithms, testing, rest api, python, sql, java. Experience: optimized the performance of an internal tools platform reducing costs by 18%. built scalable services for a real-time notification system. debugged and resolved issues in a real-time notification system for a team of 6 people. designed and implemented a search service improving efficiency by 30%. Education: B.E in Information Technology.",Software Engineer
"Summary: Motivated Frontend Developer skilled in typescript, git, and css, seeking new opportunities. Skills: typescript, git, css, rest api, docker, mongodb. Experience: created reusable components for a booking system. built responsive interfaces for an e-commerce platform improving efficiency by 26%. developed REST APIs for a company dashboard. optimized page performance for an e-commerce platform. Education: B.Sc in Information Technology.",Web Developer
"Summary: Pooja has 4 years of experience working as a Web Developer Intern, with strong command over javascript and sql. Skills: javascript, sql, docker, css, node.js, mongodb. Experience: created reusable components for an e-commerce platform reducing costs by 18%. built responsive interfaces for a company dashboard reducing costs by 10%. Education: Diploma in Web Development.",Web Developer
"Summary: Siddharth is a Marketing Intern with hands-on experience in ppc, market research and communication. Skills: ppc, market research, communication, google analytics, seo, excel. Experience: improved SEO rankings for an influencer campaign. ran paid campaigns for a D2C fashion brand for a team of 12 people. created content strategy for an influencer campaign. Education: Diploma in Digital Marketing.",Digital Marketing
"Summary: Results-driven Talent Acquisition Specialist with a background in employee engagement, onboarding, recruitment and payroll. Skills: employee engagement, onboarding, recruitment, payroll, leadership, excel. Experience: organized training programs for annual performance reviews for a team of 13 people. conducted onboarding sessions for annual performance reviews improving efficiency by 23%. managed end-to-end recruitment for a remote workforce. Education: B.A in Psychology.",HR / Recruiter
"Summary: Motivated Data Analyst Intern skilled in computer vision, pandas, and deep learning, seeking new opportunities. Skills: computer vision, pandas, deep learning, machine learning, python, numpy. Experience: designed A/B tests to evaluate demand forecasting for a team of 14 people. built predictive models for demand forecasting reducing costs by 22%. Education: B.Tech in Computer Science.",Data Scientist
"Summary: Ananya is a Full Stack Developer with hands-on experience in mongodb, react and css. Skills: mongodb, react, css, next.js, javascript, docker. Experience: created reusable components for a content management system. developed REST APIs for a content management system reducing costs by 7%. implemented authentication flows for a social media app for a team of 15 people. Education: BCA.",Web Developer
"Summary: Results-driven Mechanical Design Engineer with a background in 6 sigma, solidworks, autocad and matlab. Skills: 6 sigma, solidworks, autocad, matlab, gd&t, manufacturing. Experience: designed CAD models for a robotic arm assembly. prototyped and tested a robotic arm assembly. optimized manufacturing processes for an automotive component. designed CAD models for a HVAC system improving efficiency by 27%. Education: Diploma in Mechanical Engineering.",Mechanical Engineer
"Summary: Motivated Business Analyst skilled in agile, tableau, and excel, seeking new opportunities. Skills: agile, tableau, excel, jira, communication, data analysis. Experience: conducted market analysis for a customer retention initiative reducing costs by 23%. prepared reports and dashboards for a quarterly business review for a team of 4 people. coordinated cross-team efforts on a supply chain optimization project. Education: M.Com.",Business Analyst
"Summary: Results-driven Product Development Engineer with a background in manufacturing, solidworks, ansys and autocad. Skills: manufacturing, solidworks, ansys, autocad, matlab, 6 sigma. Experience: designed CAD models for a consumer product line reducing costs by 15%. optimized manufacturing processes for an industrial pump design. conducted quality checks on an automotive component. prototyped and tested an industrial pump design reducing costs by 14%. Education: B.Tech in Mechanical Engineering.",Mechanical Engineer
"Summary: Results-driven UI Engineer with a background in docker, css, rest api and express. Skills: docker, css, rest api, express, typescript, mongodb. Experience: developed REST APIs for a content management system for a team of 7 people. built responsive interfaces for an e-commerce platform. implemented authentication flows for a social media app. developed REST APIs for an e-commerce platform. Education: B.Tech in Computer Science.",Web Developer
"Summary: Rohan is a Operations Analyst Intern with hands-on experience in tableau, agile and data analysis. Skills: tableau, agile, data analysis, stakeholder management, jira, sql. Experience: streamlined processes for a supply chain optimization project for a team of 8 people. conducted market analysis for a new product launch. prepared reports and dashboards for a new product launch improving efficiency by 35%. Education: BBA.",Business Analyst
"Summary: Results-driven Data Analyst Intern with a background in nlp, data visualization, a/b testing and machine learning. Skills: nlp, data visualization, a/b testing, machine learning, pandas, tableau. Experience: deployed ML pipelines for customer churn prediction for a team of 8 people. designed A/B tests to evaluate demand forecasting. built predictive models for recommendation systems reducing costs by 15%. Education: M.Sc in Statistics.",Data Scientist
"Summary: Results-driven Product Development Engineer with a background in solidworks, thermodynamics, gd&t and catia. Skills: solidworks, thermodynamics, gd&t, catia, 6 sigma, product design. Experience: designed CAD models for an automotive component reducing costs by 21%. conducted quality checks on a consumer product line reducing costs by 10%. optimized manufacturing processes for a robotic arm assembly. optimized manufacturing processes for an automotive component. Education: Diploma in Mechanical Engineering.",Mechanical Engineer
"Summary: Manish has 0 years of experience working as a Full Stack Developer, with strong command over typescript and node.js. Skills: typescript, node.js, vue, express, tailwind, sql. Experience: optimized page performance for an e-commerce platform reducing costs by 17%. created reusable components for a booking system improving efficiency by 20%. Education: BCA.",Web Developer
"Summary: Motivated Systems Programmer skilled in spring boot, git, and python, seeking new opportunities. Skills: spring boot, git, python, debugging, data structures, sql. Experience: debugged and resolved issues in a booking engine. optimized the performance of a search service reducing costs by 5%. wrote unit tests for an internal tools platform for a team of 13 people. Education: M.Tech in Software Engineering.",Software Engineer
"Summary: Motivated Strategy Associate skilled in communication, jira, and data analysis, seeking new opportunities. Skills: communication, jira, data analysis, excel, requirements gathering, reporting. Experience: streamlined processes for a supply chain optimization project. coordinated cross-team efforts on a new product launch for a team of 7 people. Education: B.Com.",Business Analyst
"Summary: Results-driven AI Researcher with a background in machine learning, a/b testing, data visualization and tensorflow. Skills: machine learning, a/b testing, data visualization, tensorflow, computer vision, tableau. Experience: developed dashboards to visualize fraud detection. deployed ML pipelines for recommendation systems reducing costs by 13%. analyzed large datasets to uncover recommendation systems improving efficiency by 37%. Education: M.Sc in Statistics.",Data Scientist
"Summary: Sneha is a DevOps Engineer with hands-on experience in networking, monitoring and azure. Skills: networking, monitoring, azure, aws, bash, terraform. Experience: containerized services for a multi-region AWS deployment. managed cloud infrastructure for an internal developer platform reducing costs by 9%. automated deployment pipelines for a microservices architecture improving efficiency by 40%. containerized services for an internal developer platform. Education: B.Tech in Computer Science.",DevOps Engineer
"Summary: Results-driven Data Analyst Intern with a background in sql, power bi, pytorch and scikit-learn. Skills: sql, power bi, pytorch, scikit-learn, data visualization, computer vision. Experience: built predictive models for customer churn prediction. built predictive models for demand forecasting reducing costs by 9%. analyzed large datasets to uncover recommendation systems. Education: B.E in Data Science.",Data Scientist
"Summary: Results-driven Mechanical Design Engineer with a background in manufacturing, thermodynamics, autocad and ansys. Skills: manufacturing, thermodynamics, autocad, ansys, cad, gd&t. Experience: designed CAD models for an automotive component. performed stress analysis on a robotic arm assembly improving efficiency by 34%. Education: Diploma in Mechanical Engineering.",Mechanical Engineer
"Summary: Motivated Mechanical Design Engineer skilled in 6 sigma, thermodynamics, and autocad, seeking new opportunities. Skills: 6 sigma, thermodynamics, autocad, cad, manufacturing, product design. Experience: conducted quality checks on a robotic arm assembly improving efficiency by 16%. designed CAD models for a robotic arm assembly improving efficiency by 35%. designed CAD models for a consumer product line for a team of 15 people. Education: M.Tech in Design Engineering.",Mechanical Engineer
"Summary: Priya is a Operations Analyst Intern with hands-on experience in sql, agile and jira. Skills: sql, agile, jira, tableau, requirements gathering, forecasting. Experience: conducted market analysis for a quarterly business review. gathered requirements for a new product launch for a team of 15 people. prepared reports and dashboards for a new product launch. Education: M.Com.",Business Analyst
"Summary: Kavya has 2 years of experience working as a Full Stack Developer, with strong command over mongodb and express. Skills: mongodb, express, sql, rest api, html, javascript. Experience: implemented authentication flows for a content management system for a team of 5 people. created reusable components for a company dashboard reducing costs by 16%. created reusable components for a social media app. optimized page performance for a booking system reducing costs by 14%. Education: Diploma in Web Development.",Web Developer
"Summary: Manish is a Mechanical Design Engineer with hands-on experience in cad, product design and autocad. Skills: cad, product design, autocad, catia, ansys, matlab. Experience: prototyped and tested an automotive component. performed stress analysis on a consumer product line. performed stress analysis on a consumer product line. optimized manufacturing processes for a robotic arm assembly improving efficiency by 32%. Education: M.Tech in Design Engineering.",Mechanical Engineer
"Summary: Priya has 1 years of experience working as a Marketing Intern, with strong command over social media and excel. Skills: social media, excel, canva, email marketing, content writing, google analytics. Experience: managed social media presence for an influencer campaign reducing costs by 13%. ran paid campaigns for a SaaS product launch reducing costs by 13%. analyzed engagement metrics for a local business reducing costs by 13%. managed social media presence for a local business for a team of 8 people. Education: B.A in Mass Communication.",Digital Marketing
"Summary: Kavya is a Content Strategist with hands-on experience in ppc, email marketing and excel. Skills: ppc, email marketing, excel, seo, market research, content writing. Experience: ran paid campaigns for a lead generation funnel. managed social media presence for a D2C fashion brand. Education: MBA in Marketing.",Digital Marketing
"Summary: Results-driven Mechanical Design Engineer with a background in cad, product design, matlab and autocad. Skills: cad, product design, matlab, autocad, thermodynamics, solidworks. Experience: performed stress analysis on a HVAC system for a team of 9 people. performed stress analysis on a robotic arm assembly improving efficiency by 12%. prototyped and tested an industrial pump design. Education: M.Tech in Design Engineering.",Mechanical Engineer
"Summary: Rahul is a Infrastructure Engineer with hands-on experience in aws, monitoring and bash. Skills: aws, monitoring, bash, kubernetes, linux, jenkins. Experience: managed cloud infrastructure for a microservices architecture. containerized services for an internal developer platform reducing costs by 15%. monitored uptime and performance for an internal developer platform for a team of 11 people. Education: M.Tech in Cloud Computing.",DevOps Engineer
"Summary: Sanya is a Strategy Associate with hands-on experience in data analysis, communication and sql. Skills: data analysis, communication, sql, requirements gathering, excel, reporting. Experience: prepared reports and dashboards for a customer retention initiative. conducted market analysis for a supply chain optimization project improving efficiency by 31%. streamlined processes for a new product launch for a team of 4 people. Education: MBA in Business Analytics.",Business Analyst
"Summary: Results-driven Data Analyst Intern with a background in tensorflow, machine learning, deep learning and computer vision. Skills: tensorflow, machine learning, deep learning, computer vision, pytorch, power bi. Experience: analyzed large datasets to uncover fraud detection for a team of 6 people. built predictive models for demand forecasting for a team of 14 people. designed A/B tests to evaluate fraud detection. Education: MS in Applied Mathematics.",Data Scientist
"Summary: Yash is a Infrastructure Engineer with hands-on experience in linux, bash and terraform. Skills: linux, bash, terraform, networking, docker, jenkins. Experience: configured CI/CD for a production Kubernetes cluster. monitored uptime and performance for a multi-region AWS deployment. Education: M.Tech in Cloud Computing.",DevOps Engineer
"Summary: Manish has 4 years of experience working as a Content Strategist, with strong command over communication and seo. Skills: communication, seo, canva, market research, social media, content writing. Experience: ran paid campaigns for an influencer campaign for a team of 8 people. managed social media presence for a local business reducing costs by 24%. analyzed engagement metrics for a SaaS product launch. managed social media presence for a SaaS product launch reducing costs by 13%. Education: Diploma in Digital Marketing.",Digital Marketing
"Summary: Siddharth has 1 years of experience working as a Full Stack Developer, with strong command over mongodb and tailwind. Skills: mongodb, tailwind, css, typescript, react, rest api. Experience: developed REST APIs for a booking system for a team of 7 people. created reusable components for a social media app. optimized page performance for a booking system. Education: BCA.",Web Developer
"Summary: Priya is a Mechanical Design Engineer with hands-on experience in quality control, product design and 6 sigma. Skills: quality control, product design, 6 sigma, cad, thermodynamics, autocad. Experience: performed stress analysis on a HVAC system. prototyped and tested an industrial pump design. optimized manufacturing processes for an automotive component reducing costs by 14%. Education: B.Tech in Mechanical Engineering.",Mechanical Engineer
"Summary: Rohan has 5 years of experience working as a Content Strategist, with strong command over canva and communication. Skills: canva, communication, seo, email marketing, excel, branding. Experience: managed social media presence for a SaaS product launch reducing costs by 6%. created content strategy for a D2C fashion brand. analyzed engagement metrics for a D2C fashion brand improving efficiency by 22%. analyzed engagement metrics for a D2C fashion brand for a team of 5 people. Education: Diploma in Digital Marketing.",Digital Marketing
"Summary: Divya has 5 years of experience working as a AI Researcher, with strong command over data visualization and computer vision. Skills: data visualization, computer vision, statistics, scikit-learn, a/b testing, pandas. Experience: designed A/B tests to evaluate customer churn prediction reducing costs by 6%. designed A/B tests to evaluate customer churn prediction improving efficiency by 13%. designed A/B tests to evaluate recommendation systems. analyzed large datasets to uncover recommendation systems. Education: B.Tech in Computer Science.",Data Scientist
"Summary: Motivated HR Intern skilled in recruitment, payroll, and employee engagement, seeking new opportunities. Skills: recruitment, payroll, employee engagement, training, onboarding, excel. Experience: maintained HR records for the engineering department. maintained HR records for a 200+ employee organization. maintained HR records for annual performance reviews reducing costs by 24%. maintained HR records for a 200+ employee organization for a team of 11 people. Education: MBA in Human Resources.",HR / Recruiter
"Summary: Motivated Manufacturing Engineer Intern skilled in 6 sigma, matlab, and ansys, seeking new opportunities. Skills: 6 sigma, matlab, ansys, autocad, manufacturing, quality control. Experience: optimized manufacturing processes for a consumer product line. conducted quality checks on an industrial pump design for a team of 11 people. optimized manufacturing processes for an automotive component improving efficiency by 22%. Education: Diploma in Mechanical Engineering.",Mechanical Engineer
"Summary: Motivated Web Developer Intern skilled in vue, git, and css, seeking new opportunities. Skills: vue, git, css, javascript, docker, rest api. Experience: optimized page performance for a social media app reducing costs by 19%. optimized page performance for a company dashboard reducing costs by 23%. Education: B.Tech in Computer Science.",Web Developer
"Summary: Ritika is a Mechanical Design Engineer with hands-on experience in product design, thermodynamics and autocad. Skills: product design, thermodynamics, autocad, 6 sigma, quality control, gd&t. Experience: conducted quality checks on a HVAC system reducing costs by 22%. conducted quality checks on a HVAC system improving efficiency by 10%. Education: Diploma in Mechanical Engineering.",Mechanical Engineer
"Summary: Ritika is a Site Reliability Engineer with hands-on experience in ci/cd, kubernetes and docker. Skills: ci/cd, kubernetes, docker, gcp, bash, jenkins. Experience: configured CI/CD for a production Kubernetes cluster. containerized services for a microservices architecture for a team of 12 people. Education: B.Tech in Computer Science.",DevOps Engineer
"Summary: Motivated Site Reliability Engineer skilled in jenkins, bash, and aws, seeking new opportunities. Skills: jenkins, bash, aws, networking, docker, git. Experience: containerized services for a multi-region AWS deployment for a team of 8 people. containerized services for a microservices architecture improving efficiency by 20%. Education: B.Tech in Computer Science.",DevOps Engineer
"Summary: Results-driven Content Strategist with a background in ppc, google analytics, social media and communication. Skills: ppc, google analytics, social media, communication, canva, seo. Experience: managed social media presence for a local business. improved SEO rankings for an influencer campaign. analyzed engagement metrics for a SaaS product launch. ran paid campaigns for a D2C fashion brand improving efficiency by 15%. Education: B.A in Mass Communication.",Digital Marketing
"Summary: Ritika is a Data Scientist with hands-on experience in machine learning, data visualization and computer vision. Skills: machine learning, data visualization, computer vision, tensorflow, scikit-learn, pandas. Experience: built predictive models for recommendation systems. deployed ML pipelines for customer churn prediction for a team of 8 people. analyzed large datasets to uncover fraud detection improving efficiency by 26%. analyzed large datasets to uncover fraud detection. Education: B.Tech in Computer Science.",Data Scientist
"Summary: Divya is a Backend Developer with hands-on experience in java, c++ and algorithms. Skills: java, c++, algorithms, python, oop, debugging. Experience: optimized the performance of a search service reducing costs by 12%. optimized the performance of a booking engine. designed and implemented an internal tools platform improving efficiency by 38%. Education: B.Tech in Computer Science.",Software Engineer
"Summary: Motivated Systems Programmer skilled in python, testing, and algorithms, seeking new opportunities. Skills: python, testing, algorithms, rest api, git, java. Experience: wrote unit tests for a booking engine. built scalable services for an internal tools platform reducing costs by 8%. debugged and resolved issues in an internal tools platform reducing costs by 10%. Education: B.Tech in Computer Science.",Software Engineer
"Summary: Results-driven Product Analyst with a background in reporting, tableau, communication and requirements gathering. Skills: reporting, tableau, communication, requirements gathering, excel, jira. Experience: prepared reports and dashboards for a supply chain optimization project reducing costs by 13%. coordinated cross-team efforts on a quarterly business review for a team of 8 people. Education: MBA in Business Analytics.",Business Analyst
"Summary: Results-driven Manufacturing Engineer Intern with a background in 6 sigma, catia, gd&t and thermodynamics. Skills: 6 sigma, catia, gd&t, thermodynamics, autocad, product design. Experience: designed CAD models for a robotic arm assembly improving efficiency by 21%. prototyped and tested a robotic arm assembly. optimized manufacturing processes for a robotic arm assembly improving efficiency by 15%. conducted quality checks on a robotic arm assembly for a team of 7 people. Education: B.Tech in Mechanical Engineering.",Mechanical Engineer
"Summary: Motivated Backend Developer skilled in algorithms, debugging, and sql, seeking new opportunities. Skills: algorithms, debugging, sql, java, git, c++. Experience: designed and implemented an internal tools platform for a team of 14 people. wrote unit tests for an internal tools platform reducing costs by 22%. debugged and resolved issues in a real-time notification system. built scalable services for a search service. Education: B.E in Information Technology.",Software Engineer
"Summary: Meera has 3 years of experience working as a Content Strategist, with strong command over canva and branding. Skills: canva, branding, social media, communication, google analytics, email marketing. Experience: ran paid campaigns for an influencer campaign for a team of 9 people. managed social media presence for a SaaS product launch. Education: B.A in Mass Communication.",Digital Marketing
"Summary: Sneha is a Web Developer Intern with hands-on experience in docker, rest api and react. Skills: docker, rest api, react, sql, node.js, next.js. Experience: built responsive interfaces for a social media app reducing costs by 19%. optimized page performance for an e-commerce platform reducing costs by 22%. Education: BCA.",Web Developer
"Summary: Pooja is a DevOps Engineer with hands-on experience in ci/cd, linux and azure. Skills: ci/cd, linux, azure, terraform, kubernetes, bash. Experience: configured CI/CD for a multi-region AWS deployment. managed cloud infrastructure for a production Kubernetes cluster reducing costs by 23%. containerized services for an internal developer platform improving efficiency by 15%. Education: M.Tech in Cloud Computing.",DevOps Engineer
"Summary: Results-driven Backend Developer with a background in rest api, sql, system design and git. Skills: rest api, sql, system design, git, algorithms, c++. Experience: built scalable services for a search service. built scalable services for an internal tools platform. designed and implemented a real-time notification system improving efficiency by 21%. Education: B.E in Information Technology.",Software Engineer
"Summary: Neha is a UI Engineer with hands-on experience in express, tailwind and git. Skills: express, tailwind, git, vue, node.js, rest api. Experience: implemented authentication flows for a social media app reducing costs by 19%. created reusable components for a booking system reducing costs by 15%. Education: B.Sc in Information Technology.",Web Developer
"Summary: Results-driven Infrastructure Engineer with a background in azure, bash, networking and gcp. Skills: azure, bash, networking, gcp, kubernetes, docker. Experience: monitored uptime and performance for an internal developer platform improving efficiency by 11%. automated deployment pipelines for an internal developer platform reducing costs by 18%. containerized services for a microservices architecture improving efficiency by 38%. Education: M.Tech in Cloud Computing.",DevOps Engineer
"Summary: Results-driven Data Analyst Intern with a background in python, tensorflow, computer vision and scikit-learn. Skills: python, tensorflow, computer vision, scikit-learn, sql, statistics. Experience: designed A/B tests to evaluate fraud detection improving efficiency by 26%. built predictive models for demand forecasting reducing costs by 25%. built predictive models for fraud detection improving efficiency by 31%. Education: MS in Applied Mathematics.",Data Scientist
"Summary: Motivated Cloud Engineer Intern skilled in aws, networking, and docker, seeking new opportunities. Skills: aws, networking, docker, linux, terraform, azure. Experience: configured CI/CD for a multi-region AWS deployment reducing costs by 7%. automated deployment pipelines for a microservices architecture. automated deployment pipelines for an internal developer platform reducing costs by 19%. Education: B.E in Information Technology.",DevOps Engineer
"Summary: Ananya is a AI Researcher with hands-on experience in python, computer vision and sql. Skills: python, computer vision, sql, statistics, tableau, data visualization. Experience: designed A/B tests to evaluate fraud detection. deployed ML pipelines for recommendation systems reducing costs by 11%. deployed ML pipelines for recommendation systems. designed A/B tests to evaluate customer churn prediction reducing costs by 22%. Education: M.Sc in Statistics.",Data Scientist
"Summary: Results-driven Frontend Developer with a background in node.js, rest api, git and vue. Skills: node.js, rest api, git, vue, next.js, sql. Experience: developed REST APIs for a content management system. optimized page performance for a content management system reducing costs by 21%. built responsive interfaces for a booking system. Education: B.Tech in Computer Science.",Web Developer
"Summary: Meera is a Site Reliability Engineer with hands-on experience in git, terraform and monitoring. Skills: git, terraform, monitoring, docker, azure, networking. Experience: automated deployment pipelines for a production Kubernetes cluster for a team of 6 people. automated deployment pipelines for a multi-region AWS deployment reducing costs by 20%. containerized services for an internal developer platform. configured CI/CD for a multi-region AWS deployment improving efficiency by 37%. Education: B.E in Information Technology.",DevOps Engineer
"Summary: Motivated HR Intern skilled in leadership, conflict resolution, and payroll, seeking new opportunities. Skills: leadership, conflict resolution, payroll, employee engagement, onboarding, communication. Experience: resolved employee concerns for annual performance reviews. resolved employee concerns for a remote workforce. managed end-to-end recruitment for campus hiring drives for a team of 13 people. Education: B.A in Psychology.",HR / Recruiter
"Summary: Results-driven Systems Programmer with a background in system design, spring boot, git and c++. Skills: system design, spring boot, git, c++, algorithms, data structures. Experience: built scalable services for a search service reducing costs by 6%. wrote unit tests for a booking engine. Education: B.Tech in Computer Science.",Software Engineer
"Summary: Results-driven Product Development Engineer with a background in cad, gd&t, manufacturing and quality control. Skills: cad, gd&t, manufacturing, quality control, matlab, product design. Experience: conducted quality checks on an industrial pump design. optimized manufacturing processes for an automotive component improving efficiency by 22%. performed stress analysis on a robotic arm assembly. designed CAD models for a robotic arm assembly for a team of 4 people. Education: Diploma in Mechanical Engineering.",Mechanical Engineer
"Summary: Yash is a HR Executive with hands-on experience in training, recruitment and excel. Skills: training, recruitment, excel, employee engagement, communication, leadership. Experience: managed end-to-end recruitment for campus hiring drives for a team of 14 people. resolved employee concerns for annual performance reviews. conducted onboarding sessions for the engineering department. conducted onboarding sessions for a remote workforce for a team of 4 people. Education: MBA in Human Resources.",HR / Recruiter
"Summary: Motivated Systems Programmer skilled in git, c++, and spring boot, seeking new opportunities. Skills: git, c++, spring boot, java, python, testing. Experience: optimized the performance of an internal tools platform. built scalable services for an internal tools platform for a team of 4 people. Education: M.Tech in Software Engineering.",Software Engineer
"Summary: Results-driven People Operations Associate with a background in payroll, communication, training and excel. Skills: payroll, communication, training, excel, conflict resolution, recruitment. Experience: conducted onboarding sessions for the engineering department. managed end-to-end recruitment for a remote workforce for a team of 5 people. Education: B.A in Psychology.",HR / Recruiter
"Summary: Motivated Digital Marketing Executive skilled in social media, branding, and canva, seeking new opportunities. Skills: social media, branding, canva, excel, content writing, seo. Experience: created content strategy for a lead generation funnel reducing costs by 17%. ran paid campaigns for a D2C fashion brand for a team of 9 people. Education: BBA in Marketing.",Digital Marketing
"Summary: Motivated Full Stack Developer skilled in sql, mongodb, and css, seeking new opportunities. Skills: sql, mongodb, css, next.js, git, javascript. Experience: created reusable components for a content management system. built responsive interfaces for an e-commerce platform. optimized page performance for a booking system. built responsive interfaces for a social media app reducing costs by 25%. Education: BCA.",Web Developer
"Summary: Meera is a HR Intern with hands-on experience in hrms, leadership and employee engagement. Skills: hrms, leadership, employee engagement, training, conflict resolution, excel. Experience: organized training programs for a 200+ employee organization improving efficiency by 21%. resolved employee concerns for the engineering department. Education: PGDM in HR.",HR / Recruiter
"Summary: Vikram has 3 years of experience working as a SEO Specialist, with strong command over market research and seo. Skills: market research, seo, email marketing, ppc, branding, content writing. Experience: created content strategy for a D2C fashion brand improving efficiency by 31%. created content strategy for a lead generation funnel. created content strategy for a SaaS product launch. Education: B.A in Mass Communication.",Digital Marketing
"Summary: Results-driven Product Analyst with a background in sql, jira, agile and forecasting. Skills: sql, jira, agile, forecasting, communication, excel. Experience: streamlined processes for a customer retention initiative improving efficiency by 34%. coordinated cross-team efforts on a quarterly business review. Education: M.Com.",Business Analyst
"Summary: Results-driven Software Engineer with a background in git, rest api, java and algorithms. Skills: git, rest api, java, algorithms, spring boot, c++. Experience: debugged and resolved issues in a search service improving efficiency by 38%. optimized the performance of a payments backend improving efficiency by 21%. debugged and resolved issues in a real-time notification system. wrote unit tests for a real-time notification system. Education: B.Tech in Computer Science.",Software Engineer
"Summary: Motivated Data Scientist skilled in python, scikit-learn, and computer vision, seeking new opportunities. Skills: python, scikit-learn, computer vision, a/b testing, statistics, numpy. Experience: built predictive models for sentiment analysis of reviews reducing costs by 11%. deployed ML pipelines for fraud detection. analyzed large datasets to uncover demand forecasting reducing costs by 23%. Education: B.Tech in Computer Science.",Data Scientist
"Summary: Siddharth is a Strategy Associate with hands-on experience in communication, requirements gathering and data analysis. Skills: communication, requirements gathering, data analysis, reporting, power bi, excel. Experience: gathered requirements for a quarterly business review. conducted market analysis for a customer retention initiative reducing costs by 17%. Education: M.Com.",Business Analyst
"Summary: Siddharth is a Infrastructure Engineer with hands-on experience in jenkins, azure and aws. Skills: jenkins, azure, aws, gcp, ansible, ci/cd. Experience: containerized services for a production Kubernetes cluster for a team of 10 people. containerized services for an internal developer platform for a team of 7 people. managed cloud infrastructure for an internal developer platform. managed cloud infrastructure for a microservices architecture. Education: B.Tech in Computer Science.",DevOps Engineer
"Summary: Results-driven Data Scientist with a background in machine learning, scikit-learn, numpy and power bi. Skills: machine learning, scikit-learn, numpy, power bi, pandas, data visualization. Experience: built predictive models for customer churn prediction. built predictive models for sentiment analysis of reviews. Education: B.E in Data Science.",Data Scientist
"Summary: Results-driven Mechanical Design Engineer with a background in gd&t, 6 sigma, catia and autocad. Skills: gd&t, 6 sigma, catia, autocad, quality control, solidworks. Experience: conducted quality checks on a consumer product line. performed stress analysis on an industrial pump design. performed stress analysis on an automotive component reducing costs by 9%. Education: M.Tech in Design Engineering.",Mechanical Engineer
"Summary: Kavya has 1 years of experience working as a Web Developer Intern, with strong command over rest api and next.js. Skills: rest api, next.js, vue, express, css, mongodb. Experience: developed REST APIs for a content management system improving efficiency by 22%. built responsive interfaces for an e-commerce platform. Education: Diploma in Web Development.",Web Developer
"Summary: Results-driven Digital Marketing Executive with a background in email marketing, market research, communication and google analytics. Skills: email marketing, market research, communication, google analytics, content writing, social media. Experience: improved SEO rankings for a SaaS product launch. ran paid campaigns for a lead generation funnel. created content strategy for an influencer campaign. ran paid campaigns for a local business for a team of 14 people. Education: BBA in Marketing.",Digital Marketing
"Summary: Motivated Manufacturing Engineer Intern skilled in gd&t, solidworks, and manufacturing, seeking new opportunities. Skills: gd&t, solidworks, manufacturing, cad, 6 sigma, thermodynamics. Experience: optimized manufacturing processes for a consumer product line for a team of 12 people. designed CAD models for an automotive component reducing costs by 15%. optimized manufacturing processes for a robotic arm assembly for a team of 12 people. optimized manufacturing processes for a consumer product line. Education: Diploma in Mechanical Engineering.",Mechanical Engineer
"Summary: Ananya is a Business Analyst with hands-on experience in stakeholder management, reporting and forecasting. Skills: stakeholder management, reporting, forecasting, requirements gathering, sql, excel. Experience: prepared reports and dashboards for a new product launch reducing costs by 19%. gathered requirements for a new product launch. Education: B.Com.",Business Analyst
"Summary: Results-driven Talent Acquisition Specialist with a background in onboarding, excel, recruitment and payroll. Skills: onboarding, excel, recruitment, payroll, training, conflict resolution. Experience: organized training programs for the engineering department. resolved employee concerns for a remote workforce for a team of 8 people. Education: BBA.",HR / Recruiter
"Summary: Results-driven Backend Developer with a background in sql, algorithms, data structures and debugging. Skills: sql, algorithms, data structures, debugging, spring boot, python. Experience: wrote unit tests for an internal tools platform. designed and implemented a search service. Education: B.E in Information Technology.",Software Engineer
"Summary: Kavya has 1 years of experience working as a Data Analyst Intern, with strong command over power bi and scikit-learn. Skills: power bi, scikit-learn, machine learning, nlp, computer vision, pytorch. Experience: deployed ML pipelines for customer churn prediction. designed A/B tests to evaluate customer churn prediction. built predictive models for customer churn prediction improving efficiency by 35%. developed dashboards to visualize fraud detection. Education: B.Tech in Computer Science.",Data Scientist
"Summary: Aditya has 2 years of experience working as a Data Scientist, with strong command over sql and tensorflow. Skills: sql, tensorflow, python, power bi, a/b testing, nlp. Experience: built predictive models for demand forecasting. deployed ML pipelines for sentiment analysis of reviews for a team of 8 people. deployed ML pipelines for sentiment analysis of reviews for a team of 9 people. Education: MS in Applied Mathematics.",Data Scientist
"Summary: Motivated Infrastructure Engineer skilled in ci/cd, ansible, and jenkins, seeking new opportunities. Skills: ci/cd, ansible, jenkins, aws, linux, bash. Experience: configured CI/CD for a multi-region AWS deployment. containerized services for an internal developer platform improving efficiency by 37%. containerized services for a multi-region AWS deployment. Education: M.Tech in Cloud Computing.",DevOps Engineer
"Summary: Vikram has 5 years of experience working as a Content Strategist, with strong command over content writing and social media. Skills: content writing, social media, seo, branding, google analytics, excel. Experience: analyzed engagement metrics for an influencer campaign for a team of 3 people. created content strategy for a lead generation funnel. Education: BBA in Marketing.",Digital Marketing
"Summary: Karan has 1 years of experience working as a ML Engineer, with strong command over tensorflow and tableau. Skills: tensorflow, tableau, statistics, python, a/b testing, numpy. Experience: built predictive models for customer churn prediction improving efficiency by 14%. developed dashboards to visualize demand forecasting. Education: B.E in Data Science.",Data Scientist
"Summary: Results-driven Frontend Developer with a background in node.js, rest api, git and mongodb. Skills: node.js, rest api, git, mongodb, docker, next.js. Experience: developed REST APIs for an e-commerce platform for a team of 14 people. optimized page performance for a booking system reducing costs by 15%. created reusable components for a booking system for a team of 13 people. Education: BCA.",Web Developer
"Summary: Motivated Software Engineer skilled in python, algorithms, and testing, seeking new opportunities. Skills: python, algorithms, testing, spring boot, git, debugging. Experience: optimized the performance of an internal tools platform for a team of 14 people. debugged and resolved issues in a real-time notification system. designed and implemented a real-time notification system improving efficiency by 32%. Education: M.Tech in Software Engineering.",Software Engineer
"Summary: Sneha has 5 years of experience working as a Cloud Engineer Intern, with strong command over linux and bash. Skills: linux, bash, networking, monitoring, git, azure. Experience: monitored uptime and performance for a production Kubernetes cluster. configured CI/CD for an internal developer platform improving efficiency by 39%. configured CI/CD for a multi-region AWS deployment improving efficiency by 20%. Education: B.Tech in Computer Science.",DevOps Engineer
"Summary: Neha is a Digital Marketing Executive with hands-on experience in social media, seo and content writing. Skills: social media, seo, content writing, google analytics, ppc, market research. Experience: analyzed engagement metrics for a SaaS product launch. improved SEO rankings for a D2C fashion brand for a team of 5 people. Education: MBA in Marketing.",Digital Marketing
"Summary: Sanya has 0 years of experience working as a UI Engineer, with strong command over html and express. Skills: html, express, git, react, node.js, typescript. Experience: built responsive interfaces for a company dashboard for a team of 14 people. implemented authentication flows for a company dashboard for a team of 14 people. optimized page performance for a content management system for a team of 14 people. Education: BCA.",Web Developer
"Summary: Motivated AI Researcher skilled in computer vision, a/b testing, and numpy, seeking new opportunities. Skills: computer vision, a/b testing, numpy, power bi, machine learning, tableau. Experience: deployed ML pipelines for sentiment analysis of reviews reducing costs by 25%. designed A/B tests to evaluate customer churn prediction reducing costs by 14%. deployed ML pipelines for demand forecasting improving efficiency by 38%. analyzed large datasets to uncover fraud detection improving efficiency by 22%. Education: MS in Applied Mathematics.",Data Scientist
"Summary: Divya is a Web Developer Intern with hands-on experience in html, react and vue. Skills: html, react, vue, git, sql, rest api. Experience: created reusable components for a content management system. developed REST APIs for a booking system. optimized page performance for a booking system. Education: B.Tech in Computer Science.",Web Developer
"Summary: Karan has 1 years of experience working as a Product Analyst, with strong command over reporting and stakeholder management. Skills: reporting, stakeholder management, power bi, agile, forecasting, data analysis. Experience: conducted market analysis for a quarterly business review for a team of 7 people. gathered requirements for a supply chain optimization project. gathered requirements for a customer retention initiative reducing costs by 10%. prepared reports and dashboards for a supply chain optimization project. Education: B.Com.",Business Analyst
"Summary: Results-driven People Operations Associate with a background in employee engagement, conflict resolution, communication and hrms. Skills: employee engagement, conflict resolution, communication, hrms, leadership, onboarding. Experience: organized training programs for campus hiring drives improving efficiency by 29%. organized training programs for a remote workforce. organized training programs for a remote workforce improving efficiency by 28%. conducted onboarding sessions for a 200+ employee organization. Education: MBA in Human Resources.",HR / Recruiter
"Summary: Motivated Marketing Intern skilled in content writing, communication, and market research, seeking new opportunities. Skills: content writing, communication, market research, canva, branding, google analytics. Experience: improved SEO rankings for a local business improving efficiency by 33%. analyzed engagement metrics for a SaaS product launch improving efficiency by 10%. managed social media presence for an influencer campaign. analyzed engagement metrics for a D2C fashion brand reducing costs by 20%. Education: MBA in Marketing.",Digital Marketing
"Summary: Manish is a Data Scientist with hands-on experience in numpy, deep learning and tensorflow. Skills: numpy, deep learning, tensorflow, data visualization, statistics, pytorch. Experience: analyzed large datasets to uncover demand forecasting for a team of 4 people. deployed ML pipelines for recommendation systems reducing costs by 16%. Education: MS in Applied Mathematics.",Data Scientist
"Summary: Karan is a Systems Programmer with hands-on experience in system design, python and spring boot. Skills: system design, python, spring boot, rest api, data structures, c++. Experience: optimized the performance of an internal tools platform. designed and implemented an internal tools platform for a team of 4 people. designed and implemented a search service. optimized the performance of a real-time notification system. Education: B.Tech in Computer Science.",Software Engineer
"Summary: Motivated Marketing Intern skilled in email marketing, communication, and branding, seeking new opportunities. Skills: email marketing, communication, branding, market research, social media, content writing. Experience: managed social media presence for an influencer campaign improving efficiency by 11%. improved SEO rankings for an influencer campaign reducing costs by 8%. Education: BBA in Marketing.",Digital Marketing
"Summary: Ritika has 3 years of experience working as a Site Reliability Engineer, with strong command over git and bash. Skills: git, bash, azure, terraform, monitoring, linux. Experience: monitored uptime and performance for a multi-region AWS deployment. monitored uptime and performance for an internal developer platform reducing costs by 20%. managed cloud infrastructure for a multi-region AWS deployment. Education: M.Tech in Cloud Computing.",DevOps Engineer
"Summary: Sneha is a Web Developer Intern with hands-on experience in express, javascript and node.js. Skills: express, javascript, node.js, rest api, mongodb, next.js. Experience: implemented authentication flows for a company dashboard. implemented authentication flows for a content management system. Education: B.Tech in Computer Science.",Web Developer
"Summary: Motivated Systems Programmer skilled in python, testing, and java, seeking new opportunities. Skills: python, testing, java, algorithms, c++, spring boot. Experience: designed and implemented a booking engine. built scalable services for a payments backend. Education: B.Tech in Computer Science.",Software Engineer
"Summary: Aditya is a Infrastructure Engineer with hands-on experience in ci/cd, kubernetes and networking. Skills: ci/cd, kubernetes, networking, bash, jenkins, monitoring. Experience: automated deployment pipelines for a microservices architecture. managed cloud infrastructure for a production Kubernetes cluster improving efficiency by 26%. configured CI/CD for an internal developer platform for a team of 6 people. managed cloud infrastructure for a production Kubernetes cluster. Education: B.E in Information Technology.",DevOps Engineer
"Summary: Results-driven Web Developer Intern with a background in mongodb, tailwind, next.js and express. Skills: mongodb, tailwind, next.js, express, docker, html. Experience: implemented authentication flows for a company dashboard. optimized page performance for a booking system. Education: B.Tech in Computer Science.",Web Developer
"Summary: Motivated Backend Developer skilled in rest api, algorithms, and oop, seeking new opportunities. Skills: rest api, algorithms, oop, data structures, system design, spring boot. Experience: optimized the performance of a real-time notification system improving efficiency by 12%. built scalable services for a search service for a team of 10 people. Education: M.Tech in Software Engineering.",Software Engineer
"Summary: Results-driven Content Strategist with a background in market research, google analytics, branding and email marketing. Skills: market research, google analytics, branding, email marketing, social media, seo. Experience: created content strategy for a D2C fashion brand reducing costs by 14%. analyzed engagement metrics for a lead generation funnel for a team of 9 people. Education: MBA in Marketing.",Digital Marketing
"Summary: Priya is a SEO Specialist with hands-on experience in excel, market research and google analytics. Skills: excel, market research, google analytics, seo, content writing, ppc. Experience: managed social media presence for a D2C fashion brand. ran paid campaigns for a SaaS product launch reducing costs by 8%. improved SEO rankings for a local business. analyzed engagement metrics for a D2C fashion brand reducing costs by 25%. Education: MBA in Marketing.",Digital Marketing
"Summary: Aarav is a HR Executive with hands-on experience in leadership, training and excel. Skills: leadership, training, excel, conflict resolution, communication, employee engagement. Experience: managed end-to-end recruitment for a 200+ employee organization for a team of 15 people. managed end-to-end recruitment for campus hiring drives. maintained HR records for a 200+ employee organization. Education: BBA.",HR / Recruiter
"Summary: Siddharth is a Data Analyst Intern with hands-on experience in computer vision, pandas and statistics. Skills: computer vision, pandas, statistics, python, sql, pytorch. Experience: analyzed large datasets to uncover sentiment analysis of reviews reducing costs by 5%. developed dashboards to visualize customer churn prediction. Education: MS in Applied Mathematics.",Data Scientist
"Summary: Results-driven HR Intern with a background in onboarding, leadership, conflict resolution and training. Skills: onboarding, leadership, conflict resolution, training, hrms, communication. Experience: organized training programs for campus hiring drives reducing costs by 20%. managed end-to-end recruitment for a remote workforce reducing costs by 12%. organized training programs for annual performance reviews. managed end-to-end recruitment for a remote workforce. Education: BBA.",HR / Recruiter
